<NotepadPlus>
    <UserLang name="CK2Localisation" ext="csv txt" udlVersion="2.1">
        <Settings>
            <Global caseIgnored="no" allowFoldOfComments="yes" foldCompact="no" forcePureLC="0" decimalSeparator="0" />
            <Prefix Keywords1="no" Keywords2="no" Keywords3="no" Keywords4="no" Keywords5="no" Keywords6="no" Keywords7="no" Keywords8="yes" />
        </Settings>
        <KeywordLists>
            <Keywords name="Comments">00# 01 02 03 04</Keywords>
            <Keywords name="Numbers, prefix1"></Keywords>
            <Keywords name="Numbers, prefix2"></Keywords>
            <Keywords name="Numbers, extras1"></Keywords>
            <Keywords name="Numbers, extras2"></Keywords>
            <Keywords name="Numbers, suffix1"></Keywords>
            <Keywords name="Numbers, suffix2"></Keywords>
            <Keywords name="Numbers, range"></Keywords>
            <Keywords name="Operators1">; \n &#x00A7;W &#x00A7;R &#x00A7;G &#x00A7;B &#x00A7;Y &#x00A7;!</Keywords>
            <Keywords name="Operators2"></Keywords>
            <Keywords name="Folders in code1, open">{</Keywords>
            <Keywords name="Folders in code1, middle"></Keywords>
            <Keywords name="Folders in code1, close">}</Keywords>
            <Keywords name="Folders in code2, open"></Keywords>
            <Keywords name="Folders in code2, middle"></Keywords>
            <Keywords name="Folders in code2, close"></Keywords>
            <Keywords name="Folders in comment, open">!</Keywords>
            <Keywords name="Folders in comment, middle"></Keywords>
            <Keywords name="Folders in comment, close">!!</Keywords>
            <Keywords name="Keywords1">AND&#x000D;&#x000A;calc_true_if&#x000D;&#x000A;else&#x000D;&#x000A;else_if&#x000D;&#x000A;if&#x000D;&#x000A;NAND&#x000D;&#x000A;NOR&#x000D;&#x000A;NOT&#x000D;&#x000A;OR</Keywords>
            <Keywords name="Keywords2">no&#x000D;&#x000A;yes</Keywords>
            <Keywords name="Keywords3">localisation_key&#x000D;&#x000A;name&#x000D;&#x000A;key&#x000D;&#x000A;value</Keywords>
            <Keywords name="Keywords4">fallback_text&#x000D;&#x000A;defined_text&#x000D;&#x000A;text</Keywords>
            <Keywords name="Keywords5">abort&#x000D;&#x000A;achievements&#x000D;&#x000A;active&#x000D;&#x000A;adventurer&#x000D;&#x000A;affects_checksum&#x000D;&#x000A;age_diff&#x000D;&#x000A;agnatic&#x000D;&#x000A;ai&#x000D;&#x000A;ai_capital_kingdom_focus&#x000D;&#x000A;ai_fabricate_claims&#x000D;&#x000A;ai_peaceful&#x000D;&#x000A;allow&#x000D;&#x000A;allow_bastards&#x000D;&#x000A;allow_coastal&#x000D;&#x000A;allow_construction&#x000D;&#x000A;allow_distant&#x000D;&#x000A;allow_in_ruler_designer&#x000D;&#x000A;allow_join&#x000D;&#x000A;allow_looting&#x000D;&#x000A;allow_rivermovement&#x000D;&#x000A;allow_title_revokation&#x000D;&#x000A;allow_viking_invasion&#x000D;&#x000A;allow_whitepeace&#x000D;&#x000A;allowed_for_councillors&#x000D;&#x000A;allowed_gift&#x000D;&#x000A;allowed_to_grant&#x000D;&#x000A;allowed_to_hold&#x000D;&#x000A;allowed_to_target_suzerains&#x000D;&#x000A;allowed_to_target_tributaries&#x000D;&#x000A;allows_matrilineal_marriage&#x000D;&#x000A;alt_start_achievements&#x000D;&#x000A;alternate_start&#x000D;&#x000A;always&#x000D;&#x000A;always_get_message&#x000D;&#x000A;among_most_powerful_vassals&#x000D;&#x000A;anchor&#x000D;&#x000A;anti_nomad&#x000D;&#x000A;apply_before_generation&#x000D;&#x000A;apply_short_occ_mod&#x000D;&#x000A;archers&#x000D;&#x000A;artifact&#x000D;&#x000A;artifact_age&#x000D;&#x000A;artifact_can_be_gifted_to&#x000D;&#x000A;artifact_type&#x000D;&#x000A;artifact_type_owned_by&#x000D;&#x000A;as_if_liege&#x000D;&#x000A;assimilate&#x000D;&#x000A;at_location&#x000D;&#x000A;attacker_alliance_occ_warscore&#x000D;&#x000A;attacker_can_call_allies&#x000D;&#x000A;attacker_rel_head_is_ally&#x000D;&#x000A;attacking_same_religion_piety_loss&#x000D;&#x000A;attribute_diff&#x000D;&#x000A;autocephaly&#x000D;&#x000A;banish_reason&#x000D;&#x000A;baron_titles_hidden&#x000D;&#x000A;barons_need_dynasty&#x000D;&#x000A;blinding&#x000D;&#x000A;bloodline_is_active_for&#x000D;&#x000A;borders_lake&#x000D;&#x000A;borders_major_river&#x000D;&#x000A;breaks_at_suzerain_death&#x000D;&#x000A;breaks_at_tributary_death&#x000D;&#x000A;breaks_on_realm_change&#x000D;&#x000A;bs_marriage&#x000D;&#x000A;builds_with_piety&#x000D;&#x000A;builds_with_prestige&#x000D;&#x000A;cached&#x000D;&#x000A;caliphate&#x000D;&#x000A;camel_cavalry&#x000D;&#x000A;can_appear&#x000D;&#x000A;can_ask_to_join_war&#x000D;&#x000A;can_attack_vassals&#x000D;&#x000A;can_be_claimed&#x000D;&#x000A;can_be_given_away&#x000D;&#x000A;can_be_granted_kingdoms_and_empires_by_other_government&#x000D;&#x000A;can_be_granted_kingdoms_and_empires_by_other_government_group&#x000D;&#x000A;can_be_usurped&#x000D;&#x000A;can_build_castle&#x000D;&#x000A;can_build_city&#x000D;&#x000A;can_build_forts&#x000D;&#x000A;can_build_holdings&#x000D;&#x000A;can_build_hospitals&#x000D;&#x000A;can_build_temple&#x000D;&#x000A;can_build_tribal&#x000D;&#x000A;can_call_allies&#x000D;&#x000A;can_call_crusade&#x000D;&#x000A;can_call_vassals&#x000D;&#x000A;can_cancel&#x000D;&#x000A;can_change_religion&#x000D;&#x000A;can_change_to_nomad_on_start&#x000D;&#x000A;can_copy_personality_trait_from&#x000D;&#x000A;can_create_empires&#x000D;&#x000A;can_create_kingdoms&#x000D;&#x000A;can_demand_religious_conversion&#x000D;&#x000A;can_elect_head&#x000D;&#x000A;can_excommunicate&#x000D;&#x000A;can_grant_claim&#x000D;&#x000A;can_grant_divorce&#x000D;&#x000A;can_grant_invasion_cb&#x000D;&#x000A;can_grant_kingdoms_and_empires_to_other_government&#x000D;&#x000A;can_grant_kingdoms_and_empires_to_other_government_group&#x000D;&#x000A;can_grant_title&#x000D;&#x000A;can_have_antipopes&#x000D;&#x000A;can_have_more_leadership_traits&#x000D;&#x000A;can_hold_temples&#x000D;&#x000A;can_hold_title&#x000D;&#x000A;can_hold_titles&#x000D;&#x000A;can_imprison_without_reason&#x000D;&#x000A;can_inherit&#x000D;&#x000A;can_join_existing&#x000D;&#x000A;can_join_society&#x000D;&#x000A;can_land_path_to&#x000D;&#x000A;can_marry&#x000D;&#x000A;can_naval_path_to&#x000D;&#x000A;can_nokiller&#x000D;&#x000A;can_outbreak&#x000D;&#x000A;can_retire_to_monastery&#x000D;&#x000A;can_revoke_without_reason&#x000D;&#x000A;can_see_secret_religion&#x000D;&#x000A;can_swap_job_title&#x000D;&#x000A;can_toggle_looting&#x000D;&#x000A;can_use&#x000D;&#x000A;can_use_cb&#x000D;&#x000A;can_use_gui&#x000D;&#x000A;can_use_title&#x000D;&#x000A;can_usurp_kingdoms_and_empires&#x000D;&#x000A;cancel_on_leader_death&#x000D;&#x000A;candidate_trigger&#x000D;&#x000A;cannot_inherit&#x000D;&#x000A;cannot_marry&#x000D;&#x000A;capable_only&#x000D;&#x000A;capturing_attacker_is_complete_victory&#x000D;&#x000A;capturing_defender_is_complete_victory&#x000D;&#x000A;caste_opinions&#x000D;&#x000A;castes&#x000D;&#x000A;character&#x000D;&#x000A;check_actor_direct_vassals&#x000D;&#x000A;check_all_titles&#x000D;&#x000A;check_all_trade_posts&#x000D;&#x000A;check_de_jure_tier&#x000D;&#x000A;check_dejure_duchies&#x000D;&#x000A;check_variable&#x000D;&#x000A;childhood&#x000D;&#x000A;christian_portraits&#x000D;&#x000A;claimed_by&#x000D;&#x000A;clan&#x000D;&#x000A;clan_opinion_diff&#x000D;&#x000A;clan_satisfaction&#x000D;&#x000A;climate&#x000D;&#x000A;coalition_threat&#x000D;&#x000A;combat_rating_diff&#x000D;&#x000A;completely_controls&#x000D;&#x000A;completely_controls_region&#x000D;&#x000A;continent&#x000D;&#x000A;controlled_by&#x000D;&#x000A;controls_religion&#x000D;&#x000A;cooldown&#x000D;&#x000A;costs_piety&#x000D;&#x000A;costs_prestige&#x000D;&#x000A;count_titles_hidden&#x000D;&#x000A;counts_as_purple_born&#x000D;&#x000A;creation_requires_capital&#x000D;&#x000A;crime&#x000D;&#x000A;criminal&#x000D;&#x000A;crusade_defense_strength&#x000D;&#x000A;crusade_gold_pot&#x000D;&#x000A;crusade_preparation_strength&#x000D;&#x000A;crusade_preparation_time_elapsed&#x000D;&#x000A;crusade_preparation_time_remaining&#x000D;&#x000A;crusade_war_has_started&#x000D;&#x000A;culture_group&#x000D;&#x000A;currency_below_zero&#x000D;&#x000A;currency_reset_on_dynasty_change&#x000D;&#x000A;custom_created&#x000D;&#x000A;customizer&#x000D;&#x000A;day_of_birth&#x000D;&#x000A;days_at_current_society_rank&#x000D;&#x000A;days_in_society&#x000D;&#x000A;days_since_policy_change&#x000D;&#x000A;days_since_status_change&#x000D;&#x000A;de_facto_liege&#x000D;&#x000A;de_facto_liege_title&#x000D;&#x000A;de_jure_liege_or_above&#x000D;&#x000A;de_jure_vassal_or_below&#x000D;&#x000A;death_reason&#x000D;&#x000A;decay&#x000D;&#x000A;defender_can_call_allies&#x000D;&#x000A;defender_unoccupied_warscore&#x000D;&#x000A;defending_against_claimant&#x000D;&#x000A;defensive_attrition&#x000D;&#x000A;demesne_efficiency&#x000D;&#x000A;demesne_garrison_size&#x000D;&#x000A;demesne_size&#x000D;&#x000A;demesne_size_compared_to_limit&#x000D;&#x000A;devil_worshipper&#x000D;&#x000A;disable_non_aggression_pacts&#x000D;&#x000A;disallow_random_traits&#x000D;&#x000A;disband_on_peace&#x000D;&#x000A;disease&#x000D;&#x000A;disinherit_from_blinding&#x000D;&#x000A;dislike_tribal_organization&#x000D;&#x000A;disliked_by_offmap&#x000D;&#x000A;dismiss&#x000D;&#x000A;dismiss_trigger&#x000D;&#x000A;display_on_map&#x000D;&#x000A;distance&#x000D;&#x000A;distance_from_realm&#x000D;&#x000A;divine_blood&#x000D;&#x000A;divorce_reason&#x000D;&#x000A;duchy_revokation&#x000D;&#x000A;dukes_called_kings&#x000D;&#x000A;dynamic_cult&#x000D;&#x000A;dynastic_prestige&#x000D;&#x000A;dynasty_name_first&#x000D;&#x000A;dynasty_realm_power&#x000D;&#x000A;dynasty_title_names&#x000D;&#x000A;easter_egg&#x000D;&#x000A;education&#x000D;&#x000A;enatic&#x000D;&#x000A;exclusive&#x000D;&#x000A;excommunicated_for&#x000D;&#x000A;execute_reason&#x000D;&#x000A;execution&#x000D;&#x000A;expectation_of_liege&#x000D;&#x000A;faction_exists&#x000D;&#x000A;faction_power&#x000D;&#x000A;family&#x000D;&#x000A;father_of_unborn_known&#x000D;&#x000A;female_temple_holders&#x000D;&#x000A;feminist&#x000D;&#x000A;flank_has_leader&#x000D;&#x000A;flank_has_tactic&#x000D;&#x000A;force_picture&#x000D;&#x000A;fort_has_any_building&#x000D;&#x000A;fort_has_building&#x000D;&#x000A;founder_named_dynasties&#x000D;&#x000A;free_court_slots&#x000D;&#x000A;free_levies_in_offensive_war&#x000D;&#x000A;free_retract_vassalage&#x000D;&#x000A;from_potential&#x000D;&#x000A;from_ruler_dynasty&#x000D;&#x000A;full_hostility&#x000D;&#x000A;generate_random_dukes&#x000D;&#x000A;generate_random_emperors&#x000D;&#x000A;generate_random_holdings&#x000D;&#x000A;generate_random_kings&#x000D;&#x000A;generate_tooltip&#x000D;&#x000A;gets_religion_opinion_penalties&#x000D;&#x000A;gives_religion_opinion_penalties&#x000D;&#x000A;government&#x000D;&#x000A;graphical_culture&#x000D;&#x000A;had_artifact_flag&#x000D;&#x000A;had_bloodline_flag&#x000D;&#x000A;had_character_flag&#x000D;&#x000A;had_dynasty_flag&#x000D;&#x000A;had_flag&#x000D;&#x000A;had_global_flag&#x000D;&#x000A;had_offmap_flag&#x000D;&#x000A;had_offmap_tmp_flag&#x000D;&#x000A;had_province_flag&#x000D;&#x000A;had_title_flag&#x000D;&#x000A;happened&#x000D;&#x000A;hard_to_convert&#x000D;&#x000A;has_alternate_start_parameter&#x000D;&#x000A;has_alternate_start_setting&#x000D;&#x000A;has_ambition&#x000D;&#x000A;has_any_building&#x000D;&#x000A;has_any_opinion_modifier&#x000D;&#x000A;has_any_quest&#x000D;&#x000A;has_any_symptom&#x000D;&#x000A;has_artifact&#x000D;&#x000A;has_artifact_flag&#x000D;&#x000A;has_assigned_minor_title&#x000D;&#x000A;has_autocephaly&#x000D;&#x000A;has_blood_oath_with&#x000D;&#x000A;has_bloodline_flag&#x000D;&#x000A;has_building&#x000D;&#x000A;has_called_crusade&#x000D;&#x000A;has_capital&#x000D;&#x000A;has_cb&#x000D;&#x000A;has_character_flag&#x000D;&#x000A;has_character_modifier&#x000D;&#x000A;has_children&#x000D;&#x000A;has_claim&#x000D;&#x000A;has_coa_on_barony_only&#x000D;&#x000A;has_concubinage&#x000D;&#x000A;has_council&#x000D;&#x000A;has_crown_law_title&#x000D;&#x000A;has_custom_description&#x000D;&#x000A;has_custom_name&#x000D;&#x000A;has_de_jure_pretension&#x000D;&#x000A;has_disease&#x000D;&#x000A;has_dlc&#x000D;&#x000A;has_dynasty_flag&#x000D;&#x000A;has_earmarked_regiments&#x000D;&#x000A;has_earmarked_regiments_not_raiding&#x000D;&#x000A;has_elector_stance&#x000D;&#x000A;has_embargo&#x000D;&#x000A;has_empty_holding&#x000D;&#x000A;has_epidemic&#x000D;&#x000A;has_feud_with&#x000D;&#x000A;has_flag&#x000D;&#x000A;has_focus&#x000D;&#x000A;has_fort&#x000D;&#x000A;has_full_court&#x000D;&#x000A;has_game_rule&#x000D;&#x000A;has_game_started&#x000D;&#x000A;has_global_flag&#x000D;&#x000A;has_guardian&#x000D;&#x000A;has_had_offmap_name&#x000D;&#x000A;has_heir_designation&#x000D;&#x000A;has_heresies&#x000D;&#x000A;has_higher_tech_than&#x000D;&#x000A;has_holder&#x000D;&#x000A;has_holding_modifier&#x000D;&#x000A;has_horde_culture&#x000D;&#x000A;has_hospital&#x000D;&#x000A;has_inheritance_blocker&#x000D;&#x000A;has_instances_of_character_modifier&#x000D;&#x000A;has_instances_of_holding_modifier&#x000D;&#x000A;has_instances_of_province_modifier&#x000D;&#x000A;has_job_action&#x000D;&#x000A;has_job_title&#x000D;&#x000A;has_known_creation_date&#x000D;&#x000A;has_landed_title&#x000D;&#x000A;has_law&#x000D;&#x000A;has_liege_enforced_peace&#x000D;&#x000A;has_living_children&#x000D;&#x000A;has_lover&#x000D;&#x000A;has_mercenary_band&#x000D;&#x000A;has_mercenary_maintenance_modifier&#x000D;&#x000A;has_minor_title&#x000D;&#x000A;has_newly_acquired_titles&#x000D;&#x000A;has_nickname&#x000D;&#x000A;has_non_aggression_pact_with&#x000D;&#x000A;has_objective&#x000D;&#x000A;has_offmap_currency&#x000D;&#x000A;has_offmap_flag&#x000D;&#x000A;has_offmap_name&#x000D;&#x000A;has_offmap_news_enabled&#x000D;&#x000A;has_offmap_tmp_flag&#x000D;&#x000A;has_opinion_modifier&#x000D;&#x000A;has_overseas_holdings&#x000D;&#x000A;has_owner&#x000D;&#x000A;has_pentarchy&#x000D;&#x000A;has_pledged_crusade_defense&#x000D;&#x000A;has_pledged_crusade_participation&#x000D;&#x000A;has_plot&#x000D;&#x000A;has_policy&#x000D;&#x000A;has_polygamy&#x000D;&#x000A;has_portrait_property&#x000D;&#x000A;has_position&#x000D;&#x000A;has_pressed_claim&#x000D;&#x000A;has_province_flag&#x000D;&#x000A;has_province_modifier&#x000D;&#x000A;has_quest&#x000D;&#x000A;has_quest_target&#x000D;&#x000A;has_raised_levies&#x000D;&#x000A;has_raised_standing_troops&#x000D;&#x000A;has_regent&#x000D;&#x000A;has_regiments&#x000D;&#x000A;has_religion_feature&#x000D;&#x000A;has_religion_features&#x000D;&#x000A;has_secret_religion&#x000D;&#x000A;has_selected_religion_feature&#x000D;&#x000A;has_settlement_construction&#x000D;&#x000A;has_siege&#x000D;&#x000A;has_started_building_wonder&#x000D;&#x000A;has_started_building_wonder_upgrade&#x000D;&#x000A;has_status&#x000D;&#x000A;has_status_flag&#x000D;&#x000A;has_strong_claim&#x000D;&#x000A;has_strong_pressed_claim&#x000D;&#x000A;has_terrain_specialization&#x000D;&#x000A;has_title_flag&#x000D;&#x000A;has_top_de_jure_capital&#x000D;&#x000A;has_trade_post&#x000D;&#x000A;has_trait&#x000D;&#x000A;has_truce&#x000D;&#x000A;has_weak_claim&#x000D;&#x000A;has_weak_pressed_claim&#x000D;&#x000A;has_wonder&#x000D;&#x000A;has_wonder_flag&#x000D;&#x000A;has_wonder_upgrade&#x000D;&#x000A;has_wonder_upgrade_flag&#x000D;&#x000A;have_gender_laws&#x000D;&#x000A;health_traits&#x000D;&#x000A;heavy_cavalry&#x000D;&#x000A;heavy_infantry&#x000D;&#x000A;heavy_troops&#x000D;&#x000A;held_favor_activated_on&#x000D;&#x000A;held_title_rating&#x000D;&#x000A;hidden&#x000D;&#x000A;hidden_from_others&#x000D;&#x000A;hide_FROM&#x000D;&#x000A;hide_from&#x000D;&#x000A;hide_if_unowned&#x000D;&#x000A;hide_in_decisions_list&#x000D;&#x000A;hide_new&#x000D;&#x000A;hide_window&#x000D;&#x000A;higher_real_tier_than&#x000D;&#x000A;higher_tier_than&#x000D;&#x000A;historical_nomad&#x000D;&#x000A;history&#x000D;&#x000A;holder&#x000D;&#x000A;holding_diff&#x000D;&#x000A;holding_garrison_percent&#x000D;&#x000A;holding_raisable_levy_percent&#x000D;&#x000A;holding_total_levy_percent&#x000D;&#x000A;holding_type&#x000D;&#x000A;holds_favor_on&#x000D;&#x000A;holy_order&#x000D;&#x000A;holy_site_distance&#x000D;&#x000A;horde&#x000D;&#x000A;horse_archers&#x000D;&#x000A;hospital_has_any_building&#x000D;&#x000A;hospital_has_building&#x000D;&#x000A;hospital_level&#x000D;&#x000A;hostages_block_cb&#x000D;&#x000A;hostile_against_others&#x000D;&#x000A;hostile_within_group&#x000D;&#x000A;ignore_requirements&#x000D;&#x000A;ignores_de_jure_laws&#x000D;&#x000A;ignores_defensive_attrition&#x000D;&#x000A;immortal&#x000D;&#x000A;imprisoned_days&#x000D;&#x000A;in_battle&#x000D;&#x000A;in_command&#x000D;&#x000A;in_faction&#x000D;&#x000A;in_hiding&#x000D;&#x000A;in_revolt&#x000D;&#x000A;in_seclusion&#x000D;&#x000A;in_siege&#x000D;&#x000A;inbred&#x000D;&#x000A;incapacitating&#x000D;&#x000A;inclusive&#x000D;&#x000A;independent&#x000D;&#x000A;indestructible&#x000D;&#x000A;indirectly_owned&#x000D;&#x000A;infamy&#x000D;&#x000A;interested_in_society&#x000D;&#x000A;interested_in_society_of_character&#x000D;&#x000A;intrigue_plot&#x000D;&#x000A;investiture&#x000D;&#x000A;is_abroad&#x000D;&#x000A;is_active&#x000D;&#x000A;is_active_trigger&#x000D;&#x000A;is_adult&#x000D;&#x000A;is_alive&#x000D;&#x000A;is_allied_with&#x000D;&#x000A;is_allowed_holding_type&#x000D;&#x000A;is_allowed_to_loot&#x000D;&#x000A;is_alternate_start&#x000D;&#x000A;is_ancestor_of&#x000D;&#x000A;is_artifact_active&#x000D;&#x000A;is_artifact_equipped&#x000D;&#x000A;is_artifact_same_type_as&#x000D;&#x000A;is_at_lootable_stage&#x000D;&#x000A;is_at_sea&#x000D;&#x000A;is_attacker&#x000D;&#x000A;is_aunt_uncle_of&#x000D;&#x000A;is_being_looted&#x000D;&#x000A;is_being_restored&#x000D;&#x000A;is_betrothed&#x000D;&#x000A;is_bloodline_founder_of&#x000D;&#x000A;is_bloodline_member_of&#x000D;&#x000A;is_building&#x000D;&#x000A;is_building_wonder&#x000D;&#x000A;is_building_wonder_upgrade&#x000D;&#x000A;is_capital&#x000D;&#x000A;is_chancellor&#x000D;&#x000A;is_child_of&#x000D;&#x000A;is_claim_all&#x000D;&#x000A;is_close_relative&#x000D;&#x000A;is_coastal&#x000D;&#x000A;is_connected_to&#x000D;&#x000A;is_conquered&#x000D;&#x000A;is_consort&#x000D;&#x000A;is_contested&#x000D;&#x000A;is_council_content&#x000D;&#x000A;is_councillor&#x000D;&#x000A;is_cousin_of&#x000D;&#x000A;is_crown_law_title&#x000D;&#x000A;is_crusade&#x000D;&#x000A;is_crusade_target&#x000D;&#x000A;is_damaged&#x000D;&#x000A;is_decision_allowed&#x000D;&#x000A;is_decision_potential&#x000D;&#x000A;is_descendant_of&#x000D;&#x000A;is_dying&#x000D;&#x000A;is_epidemic&#x000D;&#x000A;is_father&#x000D;&#x000A;is_father_real_father&#x000D;&#x000A;is_female&#x000D;&#x000A;is_feudal&#x000D;&#x000A;is_flanking&#x000D;&#x000A;is_foe&#x000D;&#x000A;is_former_lover&#x000D;&#x000A;is_fort_decision_allowed&#x000D;&#x000A;is_fort_decision_potential&#x000D;&#x000A;is_friend&#x000D;&#x000A;is_friendly&#x000D;&#x000A;is_good&#x000D;&#x000A;is_government_allowed&#x000D;&#x000A;is_government_potential&#x000D;&#x000A;is_grandchild_of&#x000D;&#x000A;is_grandparent_of&#x000D;&#x000A;is_guardian&#x000D;&#x000A;is_hard_to_convert&#x000D;&#x000A;is_health&#x000D;&#x000A;is_heir&#x000D;&#x000A;is_heresy_of&#x000D;&#x000A;is_heretic&#x000D;&#x000A;is_hidden&#x000D;&#x000A;is_high_prio&#x000D;&#x000A;is_holy_site&#x000D;&#x000A;is_holy_war&#x000D;&#x000A;is_hostile&#x000D;&#x000A;is_ill&#x000D;&#x000A;is_illness&#x000D;&#x000A;is_immune_to_pruning&#x000D;&#x000A;is_important_character_to&#x000D;&#x000A;is_in_same_unit_as&#x000D;&#x000A;is_in_society&#x000D;&#x000A;is_in_water&#x000D;&#x000A;is_incapable&#x000D;&#x000A;is_independence&#x000D;&#x000A;is_indestructible&#x000D;&#x000A;is_interested_in_any_society&#x000D;&#x000A;is_ironman&#x000D;&#x000A;is_island&#x000D;&#x000A;is_job_ambition&#x000D;&#x000A;is_land&#x000D;&#x000A;is_landed&#x000D;&#x000A;is_landed_title_allowed&#x000D;&#x000A;is_landless_type_title&#x000D;&#x000A;is_law_allowed&#x000D;&#x000A;is_law_potential&#x000D;&#x000A;is_liege_of&#x000D;&#x000A;is_liege_or_above&#x000D;&#x000A;is_liege_or_above_of&#x000D;&#x000A;is_located_in&#x000D;&#x000A;is_looter&#x000D;&#x000A;is_looting&#x000D;&#x000A;is_looting_in&#x000D;&#x000A;is_lover&#x000D;&#x000A;is_lowborn&#x000D;&#x000A;is_main_spouse&#x000D;&#x000A;is_marriage_adult&#x000D;&#x000A;is_married&#x000D;&#x000A;is_married_matrilineally&#x000D;&#x000A;is_marshal&#x000D;&#x000A;is_martial&#x000D;&#x000A;is_mercenary&#x000D;&#x000A;is_merchant_republic&#x000D;&#x000A;is_modified&#x000D;&#x000A;is_monthly&#x000D;&#x000A;is_mother&#x000D;&#x000A;is_multiplayer_host_character&#x000D;&#x000A;is_name_randomized&#x000D;&#x000A;is_navy&#x000D;&#x000A;is_nibling_of&#x000D;&#x000A;is_nomadic&#x000D;&#x000A;is_occupied&#x000D;&#x000A;is_offmap_governor&#x000D;&#x000A;is_offmap_holder&#x000D;&#x000A;is_offmap_ruler&#x000D;&#x000A;is_offmap_tag&#x000D;&#x000A;is_offmap_tag_including_dead&#x000D;&#x000A;is_older_than&#x000D;&#x000A;is_opposite_sex&#x000D;&#x000A;is_or_was_offmap_power_ruler&#x000D;&#x000A;is_parent_of&#x000D;&#x000A;is_parent_religion&#x000D;&#x000A;is_part_of_plot&#x000D;&#x000A;is_patrician&#x000D;&#x000A;is_permanent&#x000D;&#x000A;is_pilgrim&#x000D;&#x000A;is_playable&#x000D;&#x000A;is_plot_active&#x000D;&#x000A;is_plot_target_of&#x000D;&#x000A;is_powerful_vassal&#x000D;&#x000A;is_preferred_holding_type&#x000D;&#x000A;is_prefix&#x000D;&#x000A;is_pregnant&#x000D;&#x000A;is_preparing_crusade&#x000D;&#x000A;is_pretender&#x000D;&#x000A;is_priest&#x000D;&#x000A;is_primary_heir&#x000D;&#x000A;is_primary_holder_title&#x000D;&#x000A;is_primary_holder_title_tier&#x000D;&#x000A;is_primary_type_title&#x000D;&#x000A;is_primary_war_attacker&#x000D;&#x000A;is_primary_war_defender&#x000D;&#x000A;is_quest_target&#x000D;&#x000A;is_quest_target_of&#x000D;&#x000A;is_random_world&#x000D;&#x000A;is_recent_grant&#x000D;&#x000A;is_reformed_religion&#x000D;&#x000A;is_reincarnated&#x000D;&#x000A;is_religion_crusade_target&#x000D;&#x000A;is_religious&#x000D;&#x000A;is_republic&#x000D;&#x000A;is_revolt_cb&#x000D;&#x000A;is_rival&#x000D;&#x000A;is_ruler&#x000D;&#x000A;is_save_game&#x000D;&#x000A;is_seafarer&#x000D;&#x000A;is_secret&#x000D;&#x000A;is_senior_consort_party&#x000D;&#x000A;is_settlement_decision_allowed&#x000D;&#x000A;is_settlement_decision_potential&#x000D;&#x000A;is_settlement_type_allowed&#x000D;&#x000A;is_shattered_world&#x000D;&#x000A;is_sick&#x000D;&#x000A;is_society&#x000D;&#x000A;is_society_discovered&#x000D;&#x000A;is_society_discovered_real&#x000D;&#x000A;is_society_grandmaster&#x000D;&#x000A;is_society_rank_full&#x000D;&#x000A;is_spiritual&#x000D;&#x000A;is_spymaster&#x000D;&#x000A;is_sub_unit_leader&#x000D;&#x000A;is_symptom&#x000D;&#x000A;is_targetted_decision_allowed&#x000D;&#x000A;is_targetted_decision_potential&#x000D;&#x000A;is_theocracy&#x000D;&#x000A;is_title_active&#x000D;&#x000A;is_title_decision_allowed&#x000D;&#x000A;is_title_decision_potential&#x000D;&#x000A;is_titular&#x000D;&#x000A;is_trade_post_decision_allowed&#x000D;&#x000A;is_trade_post_decision_potential&#x000D;&#x000A;is_treasurer&#x000D;&#x000A;is_tribal&#x000D;&#x000A;is_tribal_type_title&#x000D;&#x000A;is_tributary&#x000D;&#x000A;is_triggered_only&#x000D;&#x000A;is_twin_of&#x000D;&#x000A;is_tyranny_cb&#x000D;&#x000A;is_unique&#x000D;&#x000A;is_valid&#x000D;&#x000A;is_valid_attraction&#x000D;&#x000A;is_valid_romance_target&#x000D;&#x000A;is_valid_romance_trigger&#x000D;&#x000A;is_valid_title&#x000D;&#x000A;is_valid_viking_invasion_target&#x000D;&#x000A;is_variable_equal&#x000D;&#x000A;is_vassal_or_below&#x000D;&#x000A;is_vassal_or_below_of&#x000D;&#x000A;is_vice_royalty&#x000D;&#x000A;is_virtous&#x000D;&#x000A;is_visible&#x000D;&#x000A;is_voter&#x000D;&#x000A;is_water&#x000D;&#x000A;is_wicked&#x000D;&#x000A;is_winter&#x000D;&#x000A;is_within_diplo_range&#x000D;&#x000A;join_crusade_if_bordering_hostile&#x000D;&#x000A;knights&#x000D;&#x000A;lacks_dlc&#x000D;&#x000A;landed_inheritance&#x000D;&#x000A;landed_kin_prestige_bonus&#x000D;&#x000A;landless&#x000D;&#x000A;leader_traits&#x000D;&#x000A;leads_faction&#x000D;&#x000A;legacy_lazy_load&#x000D;&#x000A;lifestyle&#x000D;&#x000A;lifestyle_traits&#x000D;&#x000A;lift_fow&#x000D;&#x000A;lift_neighbor_fow&#x000D;&#x000A;light_cavalry&#x000D;&#x000A;light_infantry&#x000D;&#x000A;light_troops&#x000D;&#x000A;liked_by_offmap&#x000D;&#x000A;likes_better_than&#x000D;&#x000A;location_ruler_title&#x000D;&#x000A;loot&#x000D;&#x000A;lower_real_tier_than&#x000D;&#x000A;lower_tier_than&#x000D;&#x000A;major&#x000D;&#x000A;major_revolt&#x000D;&#x000A;major_trigger&#x000D;&#x000A;male_temple_holders&#x000D;&#x000A;marriage_ignore_religion&#x000D;&#x000A;matrilineal_marriages&#x000D;&#x000A;matrilineal_override&#x000D;&#x000A;max_age&#x000D;&#x000A;max_manpower&#x000D;&#x000A;max_population_and_manpower&#x000D;&#x000A;max_realm_levy_diff&#x000D;&#x000A;may_request_law_change&#x000D;&#x000A;men_can_take_consorts&#x000D;&#x000A;mercenary&#x000D;&#x000A;mercenary_siphon_factor&#x000D;&#x000A;merchant_republic&#x000D;&#x000A;merge&#x000D;&#x000A;merge_republic_interface&#x000D;&#x000A;message&#x000D;&#x000A;military_plot&#x000D;&#x000A;min_age&#x000D;&#x000A;month&#x000D;&#x000A;month_of_birth&#x000D;&#x000A;move&#x000D;&#x000A;multiplayer&#x000D;&#x000A;murder_plot&#x000D;&#x000A;murder_unknown&#x000D;&#x000A;nomadic_in_alt_start&#x000D;&#x000A;non_aggression_pact&#x000D;&#x000A;non_interference&#x000D;&#x000A;not_if_x_exists&#x000D;&#x000A;notification&#x000D;&#x000A;num_culture_provinces&#x000D;&#x000A;num_culture_realm_provs&#x000D;&#x000A;num_fitting_characters_for_title&#x000D;&#x000A;num_holy_sites_generated&#x000D;&#x000A;num_of_artifacts&#x000D;&#x000A;num_of_baron_titles&#x000D;&#x000A;num_of_baron_titles_in_realm&#x000D;&#x000A;num_of_buildings&#x000D;&#x000A;num_of_children&#x000D;&#x000A;num_of_claims&#x000D;&#x000A;num_of_consorts&#x000D;&#x000A;num_of_count_titles&#x000D;&#x000A;num_of_count_titles_in_realm&#x000D;&#x000A;num_of_courtiers&#x000D;&#x000A;num_of_demesne_castles&#x000D;&#x000A;num_of_demesne_cities&#x000D;&#x000A;num_of_demesne_empty_provinces&#x000D;&#x000A;num_of_demesne_temples&#x000D;&#x000A;num_of_demesne_tribes&#x000D;&#x000A;num_of_duke_titles&#x000D;&#x000A;num_of_duke_titles_in_realm&#x000D;&#x000A;num_of_dynasty_members&#x000D;&#x000A;num_of_emperor_titles&#x000D;&#x000A;num_of_empty_holdings&#x000D;&#x000A;num_of_extra_landed_titles&#x000D;&#x000A;num_of_faction_backers&#x000D;&#x000A;num_of_feuds&#x000D;&#x000A;num_of_forts&#x000D;&#x000A;num_of_forts_diff&#x000D;&#x000A;num_of_friends&#x000D;&#x000A;num_of_government_vassals&#x000D;&#x000A;num_of_holy_sites&#x000D;&#x000A;num_of_hospitals&#x000D;&#x000A;num_of_hospitals_diff&#x000D;&#x000A;num_of_king_titles&#x000D;&#x000A;num_of_king_titles_in_realm&#x000D;&#x000A;num_of_lovers&#x000D;&#x000A;num_of_max_settlements&#x000D;&#x000A;num_of_plot_backers&#x000D;&#x000A;num_of_prisoners&#x000D;&#x000A;num_of_realm_counties&#x000D;&#x000A;num_of_rivals&#x000D;&#x000A;num_of_settlements&#x000D;&#x000A;num_of_society_members&#x000D;&#x000A;num_of_spouses&#x000D;&#x000A;num_of_subrealm_castles&#x000D;&#x000A;num_of_subrealm_cities&#x000D;&#x000A;num_of_subrealm_empty_provinces&#x000D;&#x000A;num_of_subrealm_temples&#x000D;&#x000A;num_of_subrealm_tribes&#x000D;&#x000A;num_of_symptoms&#x000D;&#x000A;num_of_titles&#x000D;&#x000A;num_of_titles_in_realm&#x000D;&#x000A;num_of_trade_post_diff&#x000D;&#x000A;num_of_trade_posts&#x000D;&#x000A;num_of_traits&#x000D;&#x000A;num_of_unique_dynasty_vassals&#x000D;&#x000A;num_of_vassals&#x000D;&#x000A;num_of_wonder_upgrades&#x000D;&#x000A;num_of_wonders&#x000D;&#x000A;num_religion_provinces&#x000D;&#x000A;num_religion_realm_provs&#x000D;&#x000A;num_title_realm_provs&#x000D;&#x000A;num_traits&#x000D;&#x000A;obedient&#x000D;&#x000A;occluded&#x000D;&#x000A;offmap&#x000D;&#x000A;offmap_has_dislike&#x000D;&#x000A;offmap_has_like&#x000D;&#x000A;one_only&#x000D;&#x000A;only_capable&#x000D;&#x000A;only_independent&#x000D;&#x000A;only_men&#x000D;&#x000A;only_playable&#x000D;&#x000A;only_rulers&#x000D;&#x000A;only_women&#x000D;&#x000A;opinion_diff&#x000D;&#x000A;opinion_levy_raised_days&#x000D;&#x000A;other_de_jure_claim&#x000D;&#x000A;over_max_demesne_size&#x000D;&#x000A;over_vassal_limit&#x000D;&#x000A;overlord_of&#x000D;&#x000A;owed_favor_activated_by&#x000D;&#x000A;owes_favor_to&#x000D;&#x000A;owns&#x000D;&#x000A;owns_mercenary_units&#x000D;&#x000A;pacifist&#x000D;&#x000A;patrician_heir&#x000D;&#x000A;pays_tribute_to&#x000D;&#x000A;pc_marriage&#x000D;&#x000A;peace_piety_gain&#x000D;&#x000A;peace_prestige_loss&#x000D;&#x000A;pentarchy&#x000D;&#x000A;per_attribute&#x000D;&#x000A;personal_opinion&#x000D;&#x000A;personal_opinion_diff&#x000D;&#x000A;personality&#x000D;&#x000A;personality_traits&#x000D;&#x000A;phase&#x000D;&#x000A;pikemen&#x000D;&#x000A;pilgrimage&#x000D;&#x000A;playable&#x000D;&#x000A;player_allow&#x000D;&#x000A;plot_is_known_by&#x000D;&#x000A;plot_power&#x000D;&#x000A;plot_power_contribution&#x000D;&#x000A;population_and_manpower&#x000D;&#x000A;population_and_manpower_growth&#x000D;&#x000A;population_factor&#x000D;&#x000A;port&#x000D;&#x000A;possible&#x000D;&#x000A;potential&#x000D;&#x000A;practical_age&#x000D;&#x000A;pre_reformed&#x000D;&#x000A;prefix&#x000D;&#x000A;preparing_adventure_against_me&#x000D;&#x000A;preparing_invasion&#x000D;&#x000A;preparing_to_invade_me&#x000D;&#x000A;prev_policy&#x000D;&#x000A;prev_policy_flag&#x000D;&#x000A;prev_status&#x000D;&#x000A;prev_status_flag&#x000D;&#x000A;priests_can_inherit&#x000D;&#x000A;priests_can_marry&#x000D;&#x000A;primary&#x000D;&#x000A;prison_reason&#x000D;&#x000A;prisoner&#x000D;&#x000A;province&#x000D;&#x000A;province_id&#x000D;&#x000A;psc_marriage&#x000D;&#x000A;purple_born_heirs&#x000D;&#x000A;quality&#x000D;&#x000A;race&#x000D;&#x000A;raised_manpower&#x000D;&#x000A;raised_vassal_opinion_loss&#x000D;&#x000A;random_traits&#x000D;&#x000A;rank&#x000D;&#x000A;real_month_of_year&#x000D;&#x000A;real_tier&#x000D;&#x000A;realm_character_percent&#x000D;&#x000A;realm_diplomacy&#x000D;&#x000A;realm_in_name&#x000D;&#x000A;realm_intrigue&#x000D;&#x000A;realm_learning&#x000D;&#x000A;realm_levies&#x000D;&#x000A;realm_levy_diff&#x000D;&#x000A;realm_martial&#x000D;&#x000A;realm_size&#x000D;&#x000A;realm_stewardship&#x000D;&#x000A;rebel&#x000D;&#x000A;rebel_inherited&#x000D;&#x000A;reflect_titleholder_change&#x000D;&#x000A;region&#x000D;&#x000A;regional_percentage&#x000D;&#x000A;reincarnated&#x000D;&#x000A;reinforces&#x000D;&#x000A;rel_head_defense&#x000D;&#x000A;rel_head_loyalist&#x000D;&#x000A;relative_income&#x000D;&#x000A;relative_income_to_liege&#x000D;&#x000A;relative_power&#x000D;&#x000A;relative_power_including_allies_attacker&#x000D;&#x000A;relative_power_including_allies_defender&#x000D;&#x000A;relative_power_to_liege&#x000D;&#x000A;relative_realm_size&#x000D;&#x000A;religion_allows_female_temple_holders&#x000D;&#x000A;religion_allows_male_temple_holders&#x000D;&#x000A;religion_distance&#x000D;&#x000A;religion_group&#x000D;&#x000A;religious&#x000D;&#x000A;replace_captain_on_death&#x000D;&#x000A;replace_order&#x000D;&#x000A;republic_total_num_of_trade_posts&#x000D;&#x000A;reverse_clan_opinion&#x000D;&#x000A;reverse_clan_opinion_diff&#x000D;&#x000A;reverse_has_cb&#x000D;&#x000A;reverse_has_opinion_modifier&#x000D;&#x000A;reverse_has_truce&#x000D;&#x000A;reverse_max_realm_levy_diff&#x000D;&#x000A;reverse_personal_opinion&#x000D;&#x000A;reverse_personal_opinion_diff&#x000D;&#x000A;reverse_realm_levy_diff&#x000D;&#x000A;revoke_allowed&#x000D;&#x000A;revoke_reason&#x000D;&#x000A;revoke_trigger&#x000D;&#x000A;revolt_risk&#x000D;&#x000A;right&#x000D;&#x000A;rightful_religious_head&#x000D;&#x000A;rip&#x000D;&#x000A;risks_minor_clan_rising&#x000D;&#x000A;ruled_years&#x000D;&#x000A;same_guardian&#x000D;&#x000A;same_liege&#x000D;&#x000A;same_realm&#x000D;&#x000A;same_regnal_name&#x000D;&#x000A;same_religion&#x000D;&#x000A;same_sex&#x000D;&#x000A;same_society_as&#x000D;&#x000A;same_trait_visibility&#x000D;&#x000A;score&#x000D;&#x000A;seafarer&#x000D;&#x000A;secret_religion&#x000D;&#x000A;secret_religion_group&#x000D;&#x000A;separator&#x000D;&#x000A;shares_realm_border_with&#x000D;&#x000A;short_name&#x000D;&#x000A;show_as_percent&#x000D;&#x000A;show_as_title&#x000D;&#x000A;show_example_image&#x000D;&#x000A;show_example_image_tooltips&#x000D;&#x000A;show_from_from&#x000D;&#x000A;show_from_from_from&#x000D;&#x000A;show_header&#x000D;&#x000A;show_in_history&#x000D;&#x000A;show_maybe_for_human&#x000D;&#x000A;show_model&#x000D;&#x000A;show_only_failed_conditions&#x000D;&#x000A;show_ROOT&#x000D;&#x000A;show_root&#x000D;&#x000A;show_scope_change&#x000D;&#x000A;show_society&#x000D;&#x000A;show_third_party_potential&#x000D;&#x000A;show_third_party_score&#x000D;&#x000A;show_value&#x000D;&#x000A;show_window&#x000D;&#x000A;sibling&#x000D;&#x000A;size&#x000D;&#x000A;society_can_rank_down&#x000D;&#x000A;society_can_rank_up&#x000D;&#x000A;society_currency&#x000D;&#x000A;society_has_active_progress&#x000D;&#x000A;society_has_members&#x000D;&#x000A;society_influence&#x000D;&#x000A;society_is_active&#x000D;&#x000A;society_is_criminal&#x000D;&#x000A;society_is_devil_worshiper&#x000D;&#x000A;society_member_of&#x000D;&#x000A;society_progress&#x000D;&#x000A;spouse_context&#x000D;&#x000A;spread_through_water&#x000D;&#x000A;stacking&#x000D;&#x000A;start_date&#x000D;&#x000A;status&#x000D;&#x000A;sticky&#x000D;&#x000A;strong&#x000D;&#x000A;success&#x000D;&#x000A;succession_gfx&#x000D;&#x000A;supported_checksum&#x000D;&#x000A;suzerain_can_be_called&#x000D;&#x000A;suzerain_can_join_infighting&#x000D;&#x000A;suzerain_must_defend&#x000D;&#x000A;target_potential&#x000D;&#x000A;target_type&#x000D;&#x000A;technology_can_spread&#x000D;&#x000A;temporary&#x000D;&#x000A;terrain&#x000D;&#x000A;their_clan_opinion&#x000D;&#x000A;their_opinion&#x000D;&#x000A;third_party_allow&#x000D;&#x000A;third_party_potential&#x000D;&#x000A;tier&#x000D;&#x000A;title&#x000D;&#x000A;tolerates_&#x000D;&#x000A;top_de_jure_capital&#x000D;&#x000A;total_claims&#x000D;&#x000A;total_manpower&#x000D;&#x000A;total_years_played&#x000D;&#x000A;trade_post_display_trigger&#x000D;&#x000A;trade_post_has_any_building&#x000D;&#x000A;trade_post_has_building&#x000D;&#x000A;trade_route&#x000D;&#x000A;trade_route_control&#x000D;&#x000A;trait&#x000D;&#x000A;tributaries_can_infight&#x000D;&#x000A;tributaries_can_unite&#x000D;&#x000A;tributary_can_be_summoned&#x000D;&#x000A;tributary_must_defend&#x000D;&#x000A;trigger&#x000D;&#x000A;triggered_from_code&#x000D;&#x000A;true_religion&#x000D;&#x000A;true_religion_group&#x000D;&#x000A;unit_is_in_combat&#x000D;&#x000A;unused_manpower&#x000D;&#x000A;update&#x000D;&#x000A;use_first_valid&#x000D;&#x000A;use_new_crusade&#x000D;&#x000A;used_for_dynasty_names&#x000D;&#x000A;used_for_random&#x000D;&#x000A;uses_bride_price&#x000D;&#x000A;uses_decadence&#x000D;&#x000A;uses_jizya_tax&#x000D;&#x000A;uses_new_crusade&#x000D;&#x000A;uses_piety_for_law_change&#x000D;&#x000A;uses_prestige_for_law_change&#x000D;&#x000A;using_cb&#x000D;&#x000A;valid_exile_court_trigger&#x000D;&#x000A;vassal_government_opinion_penalties&#x000D;&#x000A;vassal_intrigue_plot&#x000D;&#x000A;vassal_of&#x000D;&#x000A;vassal_rank_plot&#x000D;&#x000A;vice&#x000D;&#x000A;violent&#x000D;&#x000A;virtue&#x000D;&#x000A;war_elephants&#x000D;&#x000A;war_participation&#x000D;&#x000A;war_score&#x000D;&#x000A;war_title&#x000D;&#x000A;war_with&#x000D;&#x000A;was_conceived_a_bastard&#x000D;&#x000A;will_liege_enforce_peace&#x000D;&#x000A;women_can_take_consorts&#x000D;&#x000A;wonder_age&#x000D;&#x000A;wonder_stage&#x000D;&#x000A;wonder_stage_age&#x000D;&#x000A;wonder_tier_age&#x000D;&#x000A;wonder_upgrade&#x000D;&#x000A;wonder_upgrade_age&#x000D;&#x000A;would_be_heir_under_law&#x000D;&#x000A;year&#x000D;&#x000A;year_of_birth&#x000D;&#x000A;yearly_income</Keywords>
            <Keywords name="Keywords6">BARON&#x000D;&#x000A;baron&#x000D;&#x000A;CASTLE&#x000D;&#x000A;castle&#x000D;&#x000A;CITY&#x000D;&#x000A;city&#x000D;&#x000A;COUNT&#x000D;&#x000A;count&#x000D;&#x000A;DUKE&#x000D;&#x000A;duke&#x000D;&#x000A;EMPEROR&#x000D;&#x000A;emperor&#x000D;&#x000A;FAMILY_PALACE&#x000D;&#x000A;FORT&#x000D;&#x000A;fort&#x000D;&#x000A;HOSPITAL&#x000D;&#x000A;hospital&#x000D;&#x000A;KING&#x000D;&#x000A;king&#x000D;&#x000A;NOMAD&#x000D;&#x000A;nomad&#x000D;&#x000A;TEMPLE&#x000D;&#x000A;temple&#x000D;&#x000A;TRADE_POST&#x000D;&#x000A;trade_post&#x000D;&#x000A;TRIBAL&#x000D;&#x000A;tribal&#x000D;&#x000A;UNLANDED&#x000D;&#x000A;unlanded</Keywords>
            <Keywords name="Keywords7">additive_modifier&#x000D;&#x000A;factor&#x000D;&#x000A;weight_multiplier&#x000D;&#x000A;modifier&#x000D;&#x000A;mult_modifier</Keywords>
            <Keywords name="Keywords8">any_allied_character&#x000D;&#x000A;any_army&#x000D;&#x000A;any_artifact&#x000D;&#x000A;any_artifact_owner&#x000D;&#x000A;any_attacker&#x000D;&#x000A;any_backed_character&#x000D;&#x000A;any_bloodline&#x000D;&#x000A;any_bloodline_member&#x000D;&#x000A;any_character&#x000D;&#x000A;any_child&#x000D;&#x000A;any_child_even_if_dead&#x000D;&#x000A;any_claim&#x000D;&#x000A;any_claimant&#x000D;&#x000A;any_close_relative&#x000D;&#x000A;any_connected_province&#x000D;&#x000A;any_consort&#x000D;&#x000A;any_controlled_unit&#x000D;&#x000A;any_courtier&#x000D;&#x000A;any_courtier_or_vassal&#x000D;&#x000A;any_crusade_defender&#x000D;&#x000A;any_crusade_participant&#x000D;&#x000A;any_current_enemy&#x000D;&#x000A;any_defacto_liege&#x000D;&#x000A;any_defender&#x000D;&#x000A;any_dejure_liege&#x000D;&#x000A;any_demesne_province&#x000D;&#x000A;any_demesne_title&#x000D;&#x000A;any_demesne_wonder&#x000D;&#x000A;any_demesne_wonder_upgrade&#x000D;&#x000A;any_de_jure_vassal&#x000D;&#x000A;any_de_jure_vassal_title&#x000D;&#x000A;any_direct_de_jure_vassal_title&#x000D;&#x000A;any_disconnected_province&#x000D;&#x000A;any_dynasty_member&#x000D;&#x000A;any_dynasty_member_even_if_dead&#x000D;&#x000A;any_eldership_title&#x000D;&#x000A;any_elector_character&#x000D;&#x000A;any_enemy_plotter&#x000D;&#x000A;any_faction_backer&#x000D;&#x000A;any_favor_holder&#x000D;&#x000A;any_favor_ower&#x000D;&#x000A;any_fleet&#x000D;&#x000A;any_fort&#x000D;&#x000A;any_friend&#x000D;&#x000A;any_heir_title&#x000D;&#x000A;any_hospital&#x000D;&#x000A;any_host_courtier&#x000D;&#x000A;any_independent_ruler&#x000D;&#x000A;any_kill_list_character&#x000D;&#x000A;any_known_enemy_plotter&#x000D;&#x000A;any_known_plotter&#x000D;&#x000A;any_landed_title&#x000D;&#x000A;any_liege&#x000D;&#x000A;any_lover&#x000D;&#x000A;any_mercenary_band&#x000D;&#x000A;any_neighbor_independent_ruler&#x000D;&#x000A;any_neighbor_province&#x000D;&#x000A;any_non_aggression_pact_character&#x000D;&#x000A;any_opinion_modifier_target&#x000D;&#x000A;any_owned_bloodline&#x000D;&#x000A;any_playable_ruler&#x000D;&#x000A;any_player&#x000D;&#x000A;any_plotter&#x000D;&#x000A;any_plot_backer&#x000D;&#x000A;any_potential_tribal_county&#x000D;&#x000A;any_pretender&#x000D;&#x000A;any_pretender_title&#x000D;&#x000A;any_previous_holder&#x000D;&#x000A;any_previous_wonder_owner&#x000D;&#x000A;any_province&#x000D;&#x000A;any_province_character&#x000D;&#x000A;any_province_holding&#x000D;&#x000A;any_province_lord&#x000D;&#x000A;any_pupil&#x000D;&#x000A;any_quester&#x000D;&#x000A;any_quester_targeting_this&#x000D;&#x000A;any_quester_targetting_this&#x000D;&#x000A;any_quest_target&#x000D;&#x000A;any_realm_character&#x000D;&#x000A;any_realm_lord&#x000D;&#x000A;any_realm_province&#x000D;&#x000A;any_realm_title&#x000D;&#x000A;any_realm_wonder&#x000D;&#x000A;any_realm_wonder_upgrade&#x000D;&#x000A;any_rival&#x000D;&#x000A;any_sibling&#x000D;&#x000A;any_sibling_even_if_dead&#x000D;&#x000A;any_society_member&#x000D;&#x000A;any_spouse&#x000D;&#x000A;any_spouse_even_if_dead&#x000D;&#x000A;any_suzerain&#x000D;&#x000A;any_title&#x000D;&#x000A;any_title_under&#x000D;&#x000A;any_trade_post&#x000D;&#x000A;any_trade_route_province&#x000D;&#x000A;any_tributary&#x000D;&#x000A;any_unique_dynasty_vassal&#x000D;&#x000A;any_unit&#x000D;&#x000A;any_unit_leader&#x000D;&#x000A;any_unknown_enemy_plotter&#x000D;&#x000A;any_upgrade_on_wonder&#x000D;&#x000A;any_vassal&#x000D;&#x000A;any_voter&#x000D;&#x000A;any_war&#x000D;&#x000A;any_ward&#x000D;&#x000A;any_wonder&#x000D;&#x000A;any_wonder_owner&#x000D;&#x000A;any_wonder_upgrade&#x000D;&#x000A;artifact_owner&#x000D;&#x000A;attacker&#x000D;&#x000A;band_creator&#x000D;&#x000A;best_crusade_claimant&#x000D;&#x000A;betrothed&#x000D;&#x000A;biggest_realm_size_relative&#x000D;&#x000A;blood_brother&#x000D;&#x000A;b_&#x000D;&#x000A;capital_holding&#x000D;&#x000A;capital_scope&#x000D;&#x000A;center_flank_leader&#x000D;&#x000A;clan_title&#x000D;&#x000A;combat&#x000D;&#x000A;consort&#x000D;&#x000A;controller&#x000D;&#x000A;county&#x000D;&#x000A;crownlaw_title&#x000D;&#x000A;crusade_beneficiary&#x000D;&#x000A;crusade_religion_targeting_us&#x000D;&#x000A;crusade_target&#x000D;&#x000A;crusade_target_char&#x000D;&#x000A;crusade_target_title&#x000D;&#x000A;culture_scope&#x000D;&#x000A;current_heir&#x000D;&#x000A;c_&#x000D;&#x000A;defacto_liege_title&#x000D;&#x000A;defender&#x000D;&#x000A;dejure_liege_title&#x000D;&#x000A;duchy&#x000D;&#x000A;dynasty_head&#x000D;&#x000A;d_&#x000D;&#x000A;educator&#x000D;&#x000A;empire&#x000D;&#x000A;employer&#x000D;&#x000A;enemy&#x000D;&#x000A;event_target:&#x000D;&#x000A;e_&#x000D;&#x000A;faction_claimant&#x000D;&#x000A;family_palace&#x000D;&#x000A;father&#x000D;&#x000A;father_even_if_dead&#x000D;&#x000A;father_of_unborn&#x000D;&#x000A;founder&#x000D;&#x000A;FROM&#x000D;&#x000A;FROMFROM&#x000D;&#x000A;FROMFROMFROM&#x000D;&#x000A;FROMFROMFROMFROM&#x000D;&#x000A;gfx_culture_scope&#x000D;&#x000A;governor&#x000D;&#x000A;guardian&#x000D;&#x000A;heir_under_primogeniture_law&#x000D;&#x000A;heir_under_seniority_law&#x000D;&#x000A;highest_ranked_relative&#x000D;&#x000A;holder_scope&#x000D;&#x000A;hospital_owner&#x000D;&#x000A;host&#x000D;&#x000A;invasion_target&#x000D;&#x000A;job_chancellor&#x000D;&#x000A;job_marshal&#x000D;&#x000A;job_spiritual&#x000D;&#x000A;job_spymaster&#x000D;&#x000A;job_treasurer&#x000D;&#x000A;killer&#x000D;&#x000A;kingdom&#x000D;&#x000A;k_&#x000D;&#x000A;leader&#x000D;&#x000A;least_prestigious_clan_vassal&#x000D;&#x000A;least_prestigious_clan&#x000D;&#x000A;least_prestigious_clan_vassal_except_me&#x000D;&#x000A;least_prestigious_clan_except_me&#x000D;&#x000A;left_flank_leader&#x000D;&#x000A;liege&#x000D;&#x000A;LIEGE&#x000D;&#x000A;liege_before_war&#x000D;&#x000A;location&#x000D;&#x000A;lover&#x000D;&#x000A;mercenary_employer&#x000D;&#x000A;most_participating_attacker&#x000D;&#x000A;most_participating_crusader&#x000D;&#x000A;most_participating_defender&#x000D;&#x000A;most_popular_vassal&#x000D;&#x000A;most_prestigious_clan&#x000D;&#x000A;most_prestigious_clan_except_me&#x000D;&#x000A;most_prestigious_clan_vassal&#x000D;&#x000A;most_prestigious_clan_vassal_except_me&#x000D;&#x000A;mother&#x000D;&#x000A;mother_even_if_dead&#x000D;&#x000A;new_artifact&#x000D;&#x000A;new_bloodline&#x000D;&#x000A;new_character&#x000D;&#x000A;new_title&#x000D;&#x000A;official_crusade_recipient&#x000D;&#x000A;offmap_&#x000D;&#x000A;offmap_power&#x000D;&#x000A;offmap_prev_ruler&#x000D;&#x000A;offmap_ruler&#x000D;&#x000A;original_artifact_owner&#x000D;&#x000A;original_owner&#x000D;&#x000A;original_wonder_owner&#x000D;&#x000A;owner&#x000D;&#x000A;parent_religion&#x000D;&#x000A;parent_religion_head&#x000D;&#x000A;persistent_event_target:&#x000D;&#x000A;player_heir&#x000D;&#x000A;plot_target_char&#x000D;&#x000A;plot_target_province&#x000D;&#x000A;plot_target_title&#x000D;&#x000A;preferred_war_target&#x000D;&#x000A;PREV&#x000D;&#x000A;previous_artifact_owner&#x000D;&#x000A;previous_wonder_owner&#x000D;&#x000A;PREVPREV&#x000D;&#x000A;PREVPREVPREV&#x000D;&#x000A;PREVPREVPREVPREV&#x000D;&#x000A;primary_title&#x000D;&#x000A;quest_target&#x000D;&#x000A;random_allied_character&#x000D;&#x000A;random_army&#x000D;&#x000A;random_artifact&#x000D;&#x000A;random_artifact_owner&#x000D;&#x000A;random_backed_character&#x000D;&#x000A;random_bloodline&#x000D;&#x000A;random_bloodline_member&#x000D;&#x000A;random_character&#x000D;&#x000A;random_child&#x000D;&#x000A;random_child_even_if_dead&#x000D;&#x000A;random_claim&#x000D;&#x000A;random_close_relative&#x000D;&#x000A;random_connected_province&#x000D;&#x000A;random_consort&#x000D;&#x000A;random_controlled_unit&#x000D;&#x000A;random_courtier&#x000D;&#x000A;random_courtier_or_vassal&#x000D;&#x000A;random_crusade_defender&#x000D;&#x000A;random_crusade_participant&#x000D;&#x000A;random_current_enemy&#x000D;&#x000A;random_demesne_province&#x000D;&#x000A;random_demesne_title&#x000D;&#x000A;random_demesne_wonder&#x000D;&#x000A;random_direct_de_jure_vassal_title&#x000D;&#x000A;random_disconnected_province&#x000D;&#x000A;random_dynasty_member&#x000D;&#x000A;random_dynasty_member_even_if_dead&#x000D;&#x000A;random_eldership&#x000D;&#x000A;random_elector_character&#x000D;&#x000A;random_enemy_plotter&#x000D;&#x000A;random_fleet&#x000D;&#x000A;random_fort&#x000D;&#x000A;random_friend&#x000D;&#x000A;random_hospital&#x000D;&#x000A;random_host_courtier&#x000D;&#x000A;random_independent_ruler&#x000D;&#x000A;random_known_enemy_plotter&#x000D;&#x000A;random_landed_title&#x000D;&#x000A;random_lover&#x000D;&#x000A;random_neighbor_independent_ruler&#x000D;&#x000A;random_neighbor_province&#x000D;&#x000A;random_non_aggression_pact_character&#x000D;&#x000A;random_opinion_modifier_target&#x000D;&#x000A;random_owned_bloodline&#x000D;&#x000A;random_playable_ruler&#x000D;&#x000A;random_player&#x000D;&#x000A;random_potential_tribal_county&#x000D;&#x000A;random_pretender&#x000D;&#x000A;random_province&#x000D;&#x000A;random_province_character&#x000D;&#x000A;random_province_holding&#x000D;&#x000A;random_province_lord&#x000D;&#x000A;random_pupil&#x000D;&#x000A;random_quester&#x000D;&#x000A;random_quester_targetting_this&#x000D;&#x000A;random_quest_target&#x000D;&#x000A;random_realm_character&#x000D;&#x000A;random_realm_lord&#x000D;&#x000A;random_realm_province&#x000D;&#x000A;random_realm_title&#x000D;&#x000A;random_realm_wonder_upgrade&#x000D;&#x000A;random_rival&#x000D;&#x000A;random_sibling&#x000D;&#x000A;random_sibling_even_if_dead&#x000D;&#x000A;random_society_member&#x000D;&#x000A;random_spouse&#x000D;&#x000A;random_spouse_even_if_dead&#x000D;&#x000A;random_trade_post&#x000D;&#x000A;random_tributary&#x000D;&#x000A;random_unit&#x000D;&#x000A;random_unit_leader&#x000D;&#x000A;random_unknown_enemy_plotter&#x000D;&#x000A;random_vassal&#x000D;&#x000A;random_voter&#x000D;&#x000A;random_ward&#x000D;&#x000A;realm&#x000D;&#x000A;real_father&#x000D;&#x000A;real_father_even_if_dead&#x000D;&#x000A;regent&#x000D;&#x000A;reincarnation_scope&#x000D;&#x000A;religion_head&#x000D;&#x000A;religion_scope&#x000D;&#x000A;rightful_religious_head_scope&#x000D;&#x000A;right_flank_leader&#x000D;&#x000A;ROOT&#x000D;&#x000A;ROOT_FROM&#x000D;&#x000A;ROOT_FROMFROM&#x000D;&#x000A;ROOT_FROMFROMFROM&#x000D;&#x000A;ruler&#x000D;&#x000A;sea_zone&#x000D;&#x000A;secret_religion_scope&#x000D;&#x000A;secret_religious_cult&#x000D;&#x000A;secret_religious_society_&#x000D;&#x000A;siege&#x000D;&#x000A;society&#x000D;&#x000A;spouse&#x000D;&#x000A;spouse_even_if_dead&#x000D;&#x000A;strongest_clan&#x000D;&#x000A;strongest_clan_except_me&#x000D;&#x000A;strongest_clan_vassal&#x000D;&#x000A;strongest_clan_vassal_except_me&#x000D;&#x000A;succ_law_title&#x000D;&#x000A;supported_claimant&#x000D;&#x000A;supported_claimant_title&#x000D;&#x000A;suzerain&#x000D;&#x000A;thirdparty_title_scope&#x000D;&#x000A;THIS&#x000D;&#x000A;title_to_get_rid_of&#x000D;&#x000A;top_liege&#x000D;&#x000A;trade_post_owner&#x000D;&#x000A;true_father&#x000D;&#x000A;true_father_even_if_dead&#x000D;&#x000A;true_religion_scope&#x000D;&#x000A;twin&#x000D;&#x000A;twin_even_if_dead&#x000D;&#x000A;weakest_clan&#x000D;&#x000A;weakest_clan_except_me&#x000D;&#x000A;weakest_clan_vassal&#x000D;&#x000A;weakest_clan_vassal_except_me&#x000D;&#x000A;wonder_owner</Keywords>
            <Keywords name="Delimiters">00[ 01 02] 03$ 04 05$ 06 07 08 09 10 11 12 13 14 15 16 17 18 19 20 21 22 23</Keywords>
        </KeywordLists>
        <Styles>
            <WordsStyle name="DEFAULT" fgColor="000000" bgColor="FFFFFF" fontName="&#x000F;" fontStyle="0" nesting="0" />
            <WordsStyle name="COMMENTS" fgColor="000000" bgColor="FFFFFF" fontName="&#x000F;" fontStyle="0" nesting="0" />
            <WordsStyle name="LINE COMMENTS" fgColor="008000" bgColor="FFFFFF" fontName="&#x000F;" fontStyle="0" nesting="0" />
            <WordsStyle name="NUMBERS" fgColor="FF0000" bgColor="FFFFFF" fontName="&#x000F;" fontStyle="0" nesting="0" />
            <WordsStyle name="KEYWORDS1" fgColor="0080FF" bgColor="FFFFFF" fontName="&#x000F;" fontStyle="0" nesting="0" />
            <WordsStyle name="KEYWORDS2" fgColor="0000FF" bgColor="FFFFFF" fontName="&#x94D0;&#x0612;&#x0143;" fontStyle="0" nesting="0" />
            <WordsStyle name="KEYWORDS3" fgColor="808080" bgColor="FFFFFF" fontName="&#x000F;" fontStyle="0" nesting="0" />
            <WordsStyle name="KEYWORDS4" fgColor="804000" bgColor="FFFFFF" fontName="&#x000F;" fontStyle="0" nesting="0" />
            <WordsStyle name="KEYWORDS5" fgColor="6A359F" bgColor="FFFFFF" fontName="&#x000F;" fontStyle="0" nesting="0" />
            <WordsStyle name="KEYWORDS6" fgColor="FF8000" bgColor="FFFFFF" fontName="&#x000F;" fontStyle="0" nesting="0" />
            <WordsStyle name="KEYWORDS7" fgColor="808000" bgColor="FFFFFF" fontName="&#x000F;" fontStyle="0" nesting="0" />
            <WordsStyle name="KEYWORDS8" fgColor="800040" bgColor="FFFFFF" fontName="&#x000F;" fontStyle="0" nesting="0" />
            <WordsStyle name="OPERATORS" fgColor="FF0000" bgColor="FFFFFF" fontName="&#x000F;" fontStyle="0" nesting="0" />
            <WordsStyle name="FOLDER IN CODE1" fgColor="000000" bgColor="FFFFFF" fontName="0" fontStyle="0" nesting="0" />
            <WordsStyle name="FOLDER IN CODE2" fgColor="000000" bgColor="FFFFFF" fontName="no" fontStyle="0" nesting="0" />
            <WordsStyle name="FOLDER IN COMMENT" fgColor="000000" bgColor="FFFFFF" fontName="&#x6060;&#x01F3;&#x0143;" fontStyle="0" nesting="0" />
            <WordsStyle name="DELIMITERS1" fgColor="0000FF" bgColor="FFFFFF" fontName="15" fontStyle="0" nesting="0" />
            <WordsStyle name="DELIMITERS2" fgColor="0000FF" bgColor="FFFFFF" fontName="&#xBEC0;&#x0603;&#x0143;" fontStyle="0" nesting="0" />
            <WordsStyle name="DELIMITERS3" fgColor="FF8040" bgColor="FFFFFF" fontName="&#xB740;&#x0603;&#x0143;" fontStyle="0" nesting="0" />
            <WordsStyle name="DELIMITERS4" fgColor="00FF00" bgColor="FFFFFF" fontName="&#xBE40;&#x0603;&#x0143;" fontStyle="0" nesting="0" />
            <WordsStyle name="DELIMITERS5" fgColor="000000" bgColor="FFFFFF" fontName="0" fontStyle="0" nesting="0" />
            <WordsStyle name="DELIMITERS6" fgColor="000000" bgColor="FFFFFF" fontName="&#x5DC0;&#x01F3;&#x0143;" fontStyle="0" nesting="0" />
            <WordsStyle name="DELIMITERS7" fgColor="000000" bgColor="FFFFFF" fontName="0" fontStyle="0" nesting="0" />
            <WordsStyle name="DELIMITERS8" fgColor="000000" bgColor="FFFFFF" fontName="1273" fontStyle="0" nesting="0" />
        </Styles>
    </UserLang>
</NotepadPlus>
