<?xml version="1.0" encoding="Windows-1252" ?>
<NotepadPlus>
	<AutoComplete>
		<Environment ignoreCase="yes" startFunc="{" stopFunc="}" paramSeparator=" " terminal=";" />
		<KeyWord name="abort" />
		<KeyWord name="achievements" />
		<KeyWord name="active" />
		<KeyWord name="additive_modifier" />
		<KeyWord name="adventurer" />
		<KeyWord name="affects_checksum" />
		<KeyWord name="age_diff" />
		<KeyWord name="agnatic" />
		<KeyWord name="ai" />
		<KeyWord name="ai_capital_kingdom_focus" />
		<KeyWord name="ai_fabricate_claims" />
		<KeyWord name="ai_peaceful" />
		<KeyWord name="allow" />
		<KeyWord name="allowed_for_councillors" />
		<KeyWord name="allowed_gift" />
		<KeyWord name="allowed_to_grant" />
		<KeyWord name="allowed_to_hold" />
		<KeyWord name="allowed_to_target_suzerains" />
		<KeyWord name="allowed_to_target_tributaries" />
		<KeyWord name="allows_matrilineal_marriage" />
		<KeyWord name="allow_bastards" />
		<KeyWord name="allow_coastal" />
		<KeyWord name="allow_construction" />
		<KeyWord name="allow_distant" />
		<KeyWord name="allow_in_ruler_designer" />
		<KeyWord name="allow_join" />
		<KeyWord name="allow_looting" />
		<KeyWord name="allow_rivermovement" />
		<KeyWord name="allow_title_revokation" />
		<KeyWord name="allow_viking_invasion" />
		<KeyWord name="allow_whitepeace" />
		<KeyWord name="alternate_start" />
		<KeyWord name="alt_start_achievements" />
		<KeyWord name="always" />
		<KeyWord name="always_get_message" />
		<KeyWord name="among_most_powerful_vassals" />
		<KeyWord name="anchor" />
		<KeyWord name="AND" />
		<KeyWord name="anti_nomad" />
		<KeyWord name="any_allied_character" />
		<KeyWord name="any_army" />
		<KeyWord name="any_artifact" />
		<KeyWord name="any_artifact_owner" />
		<KeyWord name="any_attacker" />
		<KeyWord name="any_backed_character" />
		<KeyWord name="any_bloodline" />
		<KeyWord name="any_bloodline_member" />
		<KeyWord name="any_character" />
		<KeyWord name="any_child" />
		<KeyWord name="any_child_even_if_dead" />
		<KeyWord name="any_claim" />
		<KeyWord name="any_claimant" />
		<KeyWord name="any_close_relative" />
		<KeyWord name="any_connected_province" />
		<KeyWord name="any_consort" />
		<KeyWord name="any_controlled_unit" />
		<KeyWord name="any_courtier" />
		<KeyWord name="any_courtier_or_vassal" />
		<KeyWord name="any_crusade_defender" />
		<KeyWord name="any_crusade_participant" />
		<KeyWord name="any_current_enemy" />
		<KeyWord name="any_defacto_liege" />
		<KeyWord name="any_defender" />
		<KeyWord name="any_dejure_liege" />
		<KeyWord name="any_demesne_province" />
		<KeyWord name="any_demesne_title" />
		<KeyWord name="any_demesne_wonder" />
		<KeyWord name="any_demesne_wonder_upgrade" />
		<KeyWord name="any_de_jure_vassal" />
		<KeyWord name="any_de_jure_vassal_title" />
		<KeyWord name="any_direct_de_jure_vassal_title" />
		<KeyWord name="any_disconnected_province" />
		<KeyWord name="any_dynasty_member" />
		<KeyWord name="any_dynasty_member_even_if_dead" />
		<KeyWord name="any_eldership_title" />
		<KeyWord name="any_elector_character" />
		<KeyWord name="any_enemy_plotter" />
		<KeyWord name="any_faction_backer" />
		<KeyWord name="any_favor_holder" />
		<KeyWord name="any_favor_ower" />
		<KeyWord name="any_fleet" />
		<KeyWord name="any_fort" />
		<KeyWord name="any_friend" />
		<KeyWord name="any_heir_title" />
		<KeyWord name="any_hospital" />
		<KeyWord name="any_host_courtier" />
		<KeyWord name="any_independent_ruler" />
		<KeyWord name="any_kill_list_character" />
		<KeyWord name="any_known_enemy_plotter" />
		<KeyWord name="any_known_plotter" />
		<KeyWord name="any_landed_title" />
		<KeyWord name="any_liege" />
		<KeyWord name="any_lover" />
		<KeyWord name="any_mercenary_band" />
		<KeyWord name="any_neighbor_independent_ruler" />
		<KeyWord name="any_neighbor_province" />
		<KeyWord name="any_non_aggression_pact_character" />
		<KeyWord name="any_opinion_modifier_target" />
		<KeyWord name="any_owned_bloodline" />
		<KeyWord name="any_playable_ruler" />
		<KeyWord name="any_player" />
		<KeyWord name="any_plotter" />
		<KeyWord name="any_plot_backer" />
		<KeyWord name="any_potential_tribal_county" />
		<KeyWord name="any_pretender" />
		<KeyWord name="any_pretender_title" />
		<KeyWord name="any_previous_holder" />
		<KeyWord name="any_previous_wonder_owner" />
		<KeyWord name="any_province" />
		<KeyWord name="any_province_character" />
		<KeyWord name="any_province_holding" />
		<KeyWord name="any_province_lord" />
		<KeyWord name="any_pupil" />
		<KeyWord name="any_quester" />
		<KeyWord name="any_quester_targeting_this" />
		<KeyWord name="any_quester_targetting_this" />
		<KeyWord name="any_quest_target" />
		<KeyWord name="any_realm_character" />
		<KeyWord name="any_realm_lord" />
		<KeyWord name="any_realm_province" />
		<KeyWord name="any_realm_title" />
		<KeyWord name="any_realm_wonder" />
		<KeyWord name="any_realm_wonder_upgrade" />
		<KeyWord name="any_rival" />
		<KeyWord name="any_sibling" />
		<KeyWord name="any_sibling_even_if_dead" />
		<KeyWord name="any_society_member" />
		<KeyWord name="any_spouse" />
		<KeyWord name="any_spouse_even_if_dead" />
		<KeyWord name="any_suzerain" />
		<KeyWord name="any_title" />
		<KeyWord name="any_title_under" />
		<KeyWord name="any_trade_post" />
		<KeyWord name="any_trade_route_province" />
		<KeyWord name="any_tributary" />
		<KeyWord name="any_unique_dynasty_vassal" />
		<KeyWord name="any_unit" />
		<KeyWord name="any_unit_leader" />
		<KeyWord name="any_unknown_enemy_plotter" />
		<KeyWord name="any_upgrade_on_wonder" />
		<KeyWord name="any_vassal" />
		<KeyWord name="any_voter" />
		<KeyWord name="any_war" />
		<KeyWord name="any_ward" />
		<KeyWord name="any_wonder" />
		<KeyWord name="any_wonder_owner" />
		<KeyWord name="any_wonder_upgrade" />
		<KeyWord name="apply_before_generation" />
		<KeyWord name="apply_short_occ_mod" />
		<KeyWord name="archers" />
		<KeyWord name="artifact" />
		<KeyWord name="artifact_age" />
		<KeyWord name="artifact_can_be_gifted_to" />
		<KeyWord name="artifact_owner" />
		<KeyWord name="artifact_type" />
		<KeyWord name="artifact_type_owned_by" />
		<KeyWord name="assimilate" />
		<KeyWord name="as_if_liege" />
		<KeyWord name="attacker" />
		<KeyWord name="attacker_alliance_occ_warscore" />
		<KeyWord name="attacker_can_call_allies" />
		<KeyWord name="attacker_rel_head_is_ally" />
		<KeyWord name="attacking_same_religion_piety_loss" />
		<KeyWord name="attribute_diff" />
		<KeyWord name="at_location" />
		<KeyWord name="autocephaly" />
		<KeyWord name="band_creator" />
		<KeyWord name="banish_reason" />
		<KeyWord name="BARON" />
		<KeyWord name="baron" />
		<KeyWord name="barons_need_dynasty" />
		<KeyWord name="baron_titles_hidden" />
		<KeyWord name="best_crusade_claimant" />
		<KeyWord name="betrothed" />
		<KeyWord name="biggest_realm_size_relative" />
		<KeyWord name="blinding" />
		<KeyWord name="bloodline_is_active_for" />
		<KeyWord name="blood_brother" />
		<KeyWord name="borders_lake" />
		<KeyWord name="borders_major_river" />
		<KeyWord name="breaks_at_suzerain_death" />
		<KeyWord name="breaks_at_tributary_death" />
		<KeyWord name="breaks_on_realm_change" />
		<KeyWord name="bs_marriage" />
		<KeyWord name="builds_with_piety" />
		<KeyWord name="builds_with_prestige" />
		<KeyWord name="b_" />
		<KeyWord name="cached" />
		<KeyWord name="calc_true_if" />
		<KeyWord name="caliphate" />
		<KeyWord name="camel_cavalry" />
		<KeyWord name="cancel_on_leader_death" />
		<KeyWord name="candidate_trigger" />
		<KeyWord name="cannot_inherit" />
		<KeyWord name="cannot_marry" />
		<KeyWord name="can_appear" />
		<KeyWord name="can_ask_to_join_war" />
		<KeyWord name="can_attack_vassals" />
		<KeyWord name="can_be_claimed" />
		<KeyWord name="can_be_given_away" />
		<KeyWord name="can_be_granted_kingdoms_and_empires_by_other_government" />
		<KeyWord name="can_be_granted_kingdoms_and_empires_by_other_government_group" />
		<KeyWord name="can_be_usurped" />
		<KeyWord name="can_build_castle" />
		<KeyWord name="can_build_city" />
		<KeyWord name="can_build_forts" />
		<KeyWord name="can_build_holdings" />
		<KeyWord name="can_build_hospitals" />
		<KeyWord name="can_build_temple" />
		<KeyWord name="can_build_tribal" />
		<KeyWord name="can_call_allies" />
		<KeyWord name="can_call_crusade" />
		<KeyWord name="can_call_vassals" />
		<KeyWord name="can_cancel" />
		<KeyWord name="can_change_religion" />
		<KeyWord name="can_change_to_nomad_on_start" />
		<KeyWord name="can_copy_personality_trait_from" />
		<KeyWord name="can_create_empires" />
		<KeyWord name="can_create_kingdoms" />
		<KeyWord name="can_demand_religious_conversion" />
		<KeyWord name="can_elect_head" />
		<KeyWord name="can_excommunicate" />
		<KeyWord name="can_grant_claim" />
		<KeyWord name="can_grant_divorce" />
		<KeyWord name="can_grant_invasion_cb" />
		<KeyWord name="can_grant_kingdoms_and_empires_to_other_government" />
		<KeyWord name="can_grant_kingdoms_and_empires_to_other_government_group" />
		<KeyWord name="can_grant_title" />
		<KeyWord name="can_have_antipopes" />
		<KeyWord name="can_have_more_leadership_traits" />
		<KeyWord name="can_hold_temples" />
		<KeyWord name="can_hold_title" />
		<KeyWord name="can_hold_titles" />
		<KeyWord name="can_imprison_without_reason" />
		<KeyWord name="can_inherit" />
		<KeyWord name="can_join_existing" />
		<KeyWord name="can_join_society" />
		<KeyWord name="can_land_path_to" />
		<KeyWord name="can_marry" />
		<KeyWord name="can_naval_path_to" />
		<KeyWord name="can_nokiller" />
		<KeyWord name="can_outbreak" />
		<KeyWord name="can_retire_to_monastery" />
		<KeyWord name="can_revoke_without_reason" />
		<KeyWord name="can_see_secret_religion" />
		<KeyWord name="can_swap_job_title" />
		<KeyWord name="can_toggle_looting" />
		<KeyWord name="can_use" />
		<KeyWord name="can_use_cb" />
		<KeyWord name="can_use_gui" />
		<KeyWord name="can_use_title" />
		<KeyWord name="can_usurp_kingdoms_and_empires" />
		<KeyWord name="capable_only" />
		<KeyWord name="capital_holding" />
		<KeyWord name="capital_scope" />
		<KeyWord name="capturing_attacker_is_complete_victory" />
		<KeyWord name="capturing_defender_is_complete_victory" />
		<KeyWord name="castes" />
		<KeyWord name="caste_opinions" />
		<KeyWord name="CASTLE" />
		<KeyWord name="castle" />
		<KeyWord name="center_flank_leader" />
		<KeyWord name="character" />
		<KeyWord name="check_actor_direct_vassals" />
		<KeyWord name="check_all_titles" />
		<KeyWord name="check_all_trade_posts" />
		<KeyWord name="check_dejure_duchies" />
		<KeyWord name="check_de_jure_tier" />
		<KeyWord name="check_variable" />
		<KeyWord name="childhood" />
		<KeyWord name="christian_portraits" />
		<KeyWord name="CITY" />
		<KeyWord name="city" />
		<KeyWord name="claimed_by" />
		<KeyWord name="clan" />
		<KeyWord name="clan_opinion_diff" />
		<KeyWord name="clan_satisfaction" />
		<KeyWord name="clan_title" />
		<KeyWord name="climate" />
		<KeyWord name="coalition_threat" />
		<KeyWord name="combat" />
		<KeyWord name="combat_rating_diff" />
		<KeyWord name="completely_controls" />
		<KeyWord name="completely_controls_region" />
		<KeyWord name="consort" />
		<KeyWord name="continent" />
		<KeyWord name="controlled_by" />
		<KeyWord name="controller" />
		<KeyWord name="controls_religion" />
		<KeyWord name="cooldown" />
		<KeyWord name="costs_piety" />
		<KeyWord name="costs_prestige" />
		<KeyWord name="count" />
		<KeyWord name="COUNT" />
		<KeyWord name="counts_as_purple_born" />
		<KeyWord name="county" />
		<KeyWord name="count_titles_hidden" />
		<KeyWord name="creation_requires_capital" />
		<KeyWord name="crime" />
		<KeyWord name="criminal" />
		<KeyWord name="crownlaw_title" />
		<KeyWord name="crusade_beneficiary" />
		<KeyWord name="crusade_defense_strength" />
		<KeyWord name="crusade_gold_pot" />
		<KeyWord name="crusade_preparation_strength" />
		<KeyWord name="crusade_preparation_time_elapsed" />
		<KeyWord name="crusade_preparation_time_remaining" />
		<KeyWord name="crusade_religion_targeting_us" />
		<KeyWord name="crusade_target" />
		<KeyWord name="crusade_target_char" />
		<KeyWord name="crusade_target_title" />
		<KeyWord name="crusade_war_has_started" />
		<KeyWord name="culture_group" />
		<KeyWord name="culture_scope" />
		<KeyWord name="currency_below_zero" />
		<KeyWord name="currency_reset_on_dynasty_change" />
		<KeyWord name="current_heir" />
		<KeyWord name="customizer" />
		<KeyWord name="custom_created" />
		<KeyWord name="c_" />
		<KeyWord name="days_at_current_society_rank" />
		<KeyWord name="days_in_society" />
		<KeyWord name="days_since_policy_change" />
		<KeyWord name="days_since_status_change" />
		<KeyWord name="day_of_birth" />
		<KeyWord name="death_reason" />
		<KeyWord name="decay" />
		<KeyWord name="defacto_liege_title" />
		<KeyWord name="defender" />
		<KeyWord name="defender_can_call_allies" />
		<KeyWord name="defender_unoccupied_warscore" />
		<KeyWord name="defending_against_claimant" />
		<KeyWord name="defensive_attrition" />
		<KeyWord name="defined_text" />
		<KeyWord name="dejure_liege_title" />
		<KeyWord name="demesne_efficiency" />
		<KeyWord name="demesne_garrison_size" />
		<KeyWord name="demesne_size" />
		<KeyWord name="demesne_size_compared_to_limit" />
		<KeyWord name="devil_worshipper" />
		<KeyWord name="de_facto_liege" />
		<KeyWord name="de_facto_liege_title" />
		<KeyWord name="de_jure_liege_or_above" />
		<KeyWord name="de_jure_vassal_or_below" />
		<KeyWord name="disable_non_aggression_pacts" />
		<KeyWord name="disallow_random_traits" />
		<KeyWord name="disband_on_peace" />
		<KeyWord name="disease" />
		<KeyWord name="disinherit_from_blinding" />
		<KeyWord name="disliked_by_offmap" />
		<KeyWord name="dislike_tribal_organization" />
		<KeyWord name="dismiss" />
		<KeyWord name="dismiss_trigger" />
		<KeyWord name="display_on_map" />
		<KeyWord name="distance" />
		<KeyWord name="distance_from_realm" />
		<KeyWord name="divine_blood" />
		<KeyWord name="divorce_reason" />
		<KeyWord name="duchy" />
		<KeyWord name="duchy_revokation" />
		<KeyWord name="DUKE" />
		<KeyWord name="duke" />
		<KeyWord name="dukes_called_kings" />
		<KeyWord name="dynamic_cult" />
		<KeyWord name="dynastic_prestige" />
		<KeyWord name="dynasty_head" />
		<KeyWord name="dynasty_name_first" />
		<KeyWord name="dynasty_realm_power" />
		<KeyWord name="dynasty_title_names" />
		<KeyWord name="d_" />
		<KeyWord name="easter_egg" />
		<KeyWord name="education" />
		<KeyWord name="educator" />
		<KeyWord name="else" />
		<KeyWord name="else_if" />
		<KeyWord name="emperor" />
		<KeyWord name="EMPEROR" />
		<KeyWord name="empire" />
		<KeyWord name="employer" />
		<KeyWord name="enatic" />
		<KeyWord name="enemy" />
		<KeyWord name="event_target:" />
		<KeyWord name="exclusive" />
		<KeyWord name="excommunicated_for" />
		<KeyWord name="execute_reason" />
		<KeyWord name="execution" />
		<KeyWord name="expectation_of_liege" />
		<KeyWord name="e_" />
		<KeyWord name="faction_claimant" />
		<KeyWord name="faction_exists" />
		<KeyWord name="faction_power" />
		<KeyWord name="factor" />
		<KeyWord name="fallback_text" />
		<KeyWord name="family" />
		<KeyWord name="FAMILY_PALACE" />
		<KeyWord name="family_palace" />
		<KeyWord name="father" />
		<KeyWord name="father_even_if_dead" />
		<KeyWord name="father_of_unborn" />
		<KeyWord name="father_of_unborn_known" />
		<KeyWord name="female_temple_holders" />
		<KeyWord name="feminist" />
		<KeyWord name="flank_has_leader" />
		<KeyWord name="flank_has_tactic" />
		<KeyWord name="force_picture" />
		<KeyWord name="FORT" />
		<KeyWord name="fort" />
		<KeyWord name="fort_has_any_building" />
		<KeyWord name="fort_has_building" />
		<KeyWord name="founder" />
		<KeyWord name="founder_named_dynasties" />
		<KeyWord name="free_court_slots" />
		<KeyWord name="free_levies_in_offensive_war" />
		<KeyWord name="free_retract_vassalage" />
		<KeyWord name="FROM" />
		<KeyWord name="FROMFROM" />
		<KeyWord name="FROMFROMFROM" />
		<KeyWord name="FROMFROMFROMFROM" />
		<KeyWord name="from_potential" />
		<KeyWord name="from_ruler_dynasty" />
		<KeyWord name="full_hostility" />
		<KeyWord name="generate_random_dukes" />
		<KeyWord name="generate_random_emperors" />
		<KeyWord name="generate_random_holdings" />
		<KeyWord name="generate_random_kings" />
		<KeyWord name="generate_tooltip" />
		<KeyWord name="gets_religion_opinion_penalties" />
		<KeyWord name="gfx_culture_scope" />
		<KeyWord name="gives_religion_opinion_penalties" />
		<KeyWord name="government" />
		<KeyWord name="governor" />
		<KeyWord name="graphical_culture" />
		<KeyWord name="guardian" />
		<KeyWord name="had_artifact_flag" />
		<KeyWord name="had_bloodline_flag" />
		<KeyWord name="had_character_flag" />
		<KeyWord name="had_dynasty_flag" />
		<KeyWord name="had_flag" />
		<KeyWord name="had_global_flag" />
		<KeyWord name="had_offmap_flag" />
		<KeyWord name="had_offmap_tmp_flag" />
		<KeyWord name="had_province_flag" />
		<KeyWord name="had_title_flag" />
		<KeyWord name="happened" />
		<KeyWord name="hard_to_convert" />
		<KeyWord name="has_alternate_start_parameter" />
		<KeyWord name="has_alternate_start_setting" />
		<KeyWord name="has_ambition" />
		<KeyWord name="has_any_building" />
		<KeyWord name="has_any_opinion_modifier" />
		<KeyWord name="has_any_quest" />
		<KeyWord name="has_any_symptom" />
		<KeyWord name="has_artifact" />
		<KeyWord name="has_artifact_flag" />
		<KeyWord name="has_assigned_minor_title" />
		<KeyWord name="has_autocephaly" />
		<KeyWord name="has_bloodline_flag" />
		<KeyWord name="has_blood_oath_with" />
		<KeyWord name="has_building" />
		<KeyWord name="has_called_crusade" />
		<KeyWord name="has_capital" />
		<KeyWord name="has_cb" />
		<KeyWord name="has_character_flag" />
		<KeyWord name="has_character_modifier" />
		<KeyWord name="has_children" />
		<KeyWord name="has_claim" />
		<KeyWord name="has_coa_on_barony_only" />
		<KeyWord name="has_concubinage" />
		<KeyWord name="has_council" />
		<KeyWord name="has_crown_law_title" />
		<KeyWord name="has_custom_description" />
		<KeyWord name="has_custom_name" />
		<KeyWord name="has_de_jure_pretension" />
		<KeyWord name="has_disease" />
		<KeyWord name="has_dlc" />
		<KeyWord name="has_dynasty_flag" />
		<KeyWord name="has_earmarked_regiments" />
		<KeyWord name="has_earmarked_regiments_not_raiding" />
		<KeyWord name="has_elector_stance" />
		<KeyWord name="has_embargo" />
		<KeyWord name="has_empty_holding" />
		<KeyWord name="has_epidemic" />
		<KeyWord name="has_feud_with" />
		<KeyWord name="has_flag" />
		<KeyWord name="has_focus" />
		<KeyWord name="has_fort" />
		<KeyWord name="has_full_court" />
		<KeyWord name="has_game_rule" />
		<KeyWord name="has_game_started" />
		<KeyWord name="has_global_flag" />
		<KeyWord name="has_guardian" />
		<KeyWord name="has_had_offmap_name" />
		<KeyWord name="has_heir_designation" />
		<KeyWord name="has_heresies" />
		<KeyWord name="has_higher_tech_than" />
		<KeyWord name="has_holder" />
		<KeyWord name="has_holding_modifier" />
		<KeyWord name="has_horde_culture" />
		<KeyWord name="has_hospital" />
		<KeyWord name="has_inheritance_blocker" />
		<KeyWord name="has_instances_of_character_modifier" />
		<KeyWord name="has_instances_of_holding_modifier" />
		<KeyWord name="has_instances_of_province_modifier" />
		<KeyWord name="has_job_action" />
		<KeyWord name="has_job_title" />
		<KeyWord name="has_known_creation_date" />
		<KeyWord name="has_landed_title" />
		<KeyWord name="has_law" />
		<KeyWord name="has_liege_enforced_peace" />
		<KeyWord name="has_living_children" />
		<KeyWord name="has_lover" />
		<KeyWord name="has_mercenary_band" />
		<KeyWord name="has_mercenary_maintenance_modifier" />
		<KeyWord name="has_minor_title" />
		<KeyWord name="has_newly_acquired_titles" />
		<KeyWord name="has_nickname" />
		<KeyWord name="has_non_aggression_pact_with" />
		<KeyWord name="has_objective" />
		<KeyWord name="has_offmap_currency" />
		<KeyWord name="has_offmap_flag" />
		<KeyWord name="has_offmap_name" />
		<KeyWord name="has_offmap_news_enabled" />
		<KeyWord name="has_offmap_tmp_flag" />
		<KeyWord name="has_opinion_modifier" />
		<KeyWord name="has_overseas_holdings" />
		<KeyWord name="has_owner" />
		<KeyWord name="has_pentarchy" />
		<KeyWord name="has_pledged_crusade_defense" />
		<KeyWord name="has_pledged_crusade_participation" />
		<KeyWord name="has_plot" />
		<KeyWord name="has_policy" />
		<KeyWord name="has_polygamy" />
		<KeyWord name="has_portrait_property" />
		<KeyWord name="has_position" />
		<KeyWord name="has_pressed_claim" />
		<KeyWord name="has_province_flag" />
		<KeyWord name="has_province_modifier" />
		<KeyWord name="has_quest" />
		<KeyWord name="has_quest_target" />
		<KeyWord name="has_raised_levies" />
		<KeyWord name="has_raised_standing_troops" />
		<KeyWord name="has_regent" />
		<KeyWord name="has_regiments" />
		<KeyWord name="has_religion_feature" />
		<KeyWord name="has_religion_features" />
		<KeyWord name="has_secret_religion" />
		<KeyWord name="has_selected_religion_feature" />
		<KeyWord name="has_settlement_construction" />
		<KeyWord name="has_siege" />
		<KeyWord name="has_started_building_wonder" />
		<KeyWord name="has_started_building_wonder_upgrade" />
		<KeyWord name="has_status" />
		<KeyWord name="has_status_flag" />
		<KeyWord name="has_strong_claim" />
		<KeyWord name="has_strong_pressed_claim" />
		<KeyWord name="has_terrain_specialization" />
		<KeyWord name="has_title_flag" />
		<KeyWord name="has_top_de_jure_capital" />
		<KeyWord name="has_trade_post" />
		<KeyWord name="has_trait" />
		<KeyWord name="has_truce" />
		<KeyWord name="has_weak_claim" />
		<KeyWord name="has_weak_pressed_claim" />
		<KeyWord name="has_wonder" />
		<KeyWord name="has_wonder_flag" />
		<KeyWord name="has_wonder_upgrade" />
		<KeyWord name="has_wonder_upgrade_flag" />
		<KeyWord name="have_gender_laws" />
		<KeyWord name="health_traits" />
		<KeyWord name="heavy_cavalry" />
		<KeyWord name="heavy_infantry" />
		<KeyWord name="heavy_troops" />
		<KeyWord name="heir_under_primogeniture_law" />
		<KeyWord name="heir_under_seniority_law" />
		<KeyWord name="held_favor_activated_on" />
		<KeyWord name="held_title_rating" />
		<KeyWord name="hidden" />
		<KeyWord name="hidden_from_others" />
		<KeyWord name="hide_FROM" />
		<KeyWord name="hide_from" />
		<KeyWord name="hide_if_unowned" />
		<KeyWord name="hide_in_decisions_list" />
		<KeyWord name="hide_new" />
		<KeyWord name="hide_window" />
		<KeyWord name="higher_real_tier_than" />
		<KeyWord name="higher_tier_than" />
		<KeyWord name="highest_ranked_relative" />
		<KeyWord name="historical_nomad" />
		<KeyWord name="history" />
		<KeyWord name="holder" />
		<KeyWord name="holder_scope" />
		<KeyWord name="holding_diff" />
		<KeyWord name="holding_garrison_percent" />
		<KeyWord name="holding_raisable_levy_percent" />
		<KeyWord name="holding_total_levy_percent" />
		<KeyWord name="holding_type" />
		<KeyWord name="holds_favor_on" />
		<KeyWord name="holy_order" />
		<KeyWord name="holy_site_distance" />
		<KeyWord name="horde" />
		<KeyWord name="horse_archers" />
		<KeyWord name="hospital" />
		<KeyWord name="HOSPITAL" />
		<KeyWord name="hospital_has_any_building" />
		<KeyWord name="hospital_has_building" />
		<KeyWord name="hospital_level" />
		<KeyWord name="hospital_owner" />
		<KeyWord name="host" />
		<KeyWord name="hostages_block_cb" />
		<KeyWord name="hostile_against_others" />
		<KeyWord name="hostile_within_group" />
		<KeyWord name="if" />
		<KeyWord name="ignores_defensive_attrition" />
		<KeyWord name="ignores_de_jure_laws" />
		<KeyWord name="ignore_requirements" />
		<KeyWord name="immortal" />
		<KeyWord name="imprisoned_days" />
		<KeyWord name="inbred" />
		<KeyWord name="incapacitating" />
		<KeyWord name="inclusive" />
		<KeyWord name="independent" />
		<KeyWord name="indestructible" />
		<KeyWord name="indirectly_owned" />
		<KeyWord name="infamy" />
		<KeyWord name="interested_in_society" />
		<KeyWord name="interested_in_society_of_character" />
		<KeyWord name="intrigue_plot" />
		<KeyWord name="invasion_target" />
		<KeyWord name="investiture" />
		<KeyWord name="in_battle" />
		<KeyWord name="in_command" />
		<KeyWord name="in_faction" />
		<KeyWord name="in_hiding" />
		<KeyWord name="in_revolt" />
		<KeyWord name="in_seclusion" />
		<KeyWord name="in_siege" />
		<KeyWord name="is_abroad" />
		<KeyWord name="is_active" />
		<KeyWord name="is_active_trigger" />
		<KeyWord name="is_adult" />
		<KeyWord name="is_alive" />
		<KeyWord name="is_allied_with" />
		<KeyWord name="is_allowed_holding_type" />
		<KeyWord name="is_allowed_to_loot" />
		<KeyWord name="is_alternate_start" />
		<KeyWord name="is_ancestor_of" />
		<KeyWord name="is_artifact_active" />
		<KeyWord name="is_artifact_equipped" />
		<KeyWord name="is_artifact_same_type_as" />
		<KeyWord name="is_attacker" />
		<KeyWord name="is_at_lootable_stage" />
		<KeyWord name="is_at_sea" />
		<KeyWord name="is_aunt_uncle_of" />
		<KeyWord name="is_being_looted" />
		<KeyWord name="is_being_restored" />
		<KeyWord name="is_betrothed" />
		<KeyWord name="is_bloodline_founder_of" />
		<KeyWord name="is_bloodline_member_of" />
		<KeyWord name="is_building" />
		<KeyWord name="is_building_wonder" />
		<KeyWord name="is_building_wonder_upgrade" />
		<KeyWord name="is_capital" />
		<KeyWord name="is_chancellor" />
		<KeyWord name="is_child_of" />
		<KeyWord name="is_claim_all" />
		<KeyWord name="is_close_relative" />
		<KeyWord name="is_coastal" />
		<KeyWord name="is_connected_to" />
		<KeyWord name="is_conquered" />
		<KeyWord name="is_consort" />
		<KeyWord name="is_contested" />
		<KeyWord name="is_councillor" />
		<KeyWord name="is_council_content" />
		<KeyWord name="is_cousin_of" />
		<KeyWord name="is_crown_law_title" />
		<KeyWord name="is_crusade" />
		<KeyWord name="is_crusade_target" />
		<KeyWord name="is_damaged" />
		<KeyWord name="is_decision_allowed" />
		<KeyWord name="is_decision_potential" />
		<KeyWord name="is_descendant_of" />
		<KeyWord name="is_dying" />
		<KeyWord name="is_epidemic" />
		<KeyWord name="is_father" />
		<KeyWord name="is_father_real_father" />
		<KeyWord name="is_female" />
		<KeyWord name="is_feudal" />
		<KeyWord name="is_flanking" />
		<KeyWord name="is_foe" />
		<KeyWord name="is_former_lover" />
		<KeyWord name="is_fort_decision_allowed" />
		<KeyWord name="is_fort_decision_potential" />
		<KeyWord name="is_friend" />
		<KeyWord name="is_friendly" />
		<KeyWord name="is_good" />
		<KeyWord name="is_government_allowed" />
		<KeyWord name="is_government_potential" />
		<KeyWord name="is_grandchild_of" />
		<KeyWord name="is_grandparent_of" />
		<KeyWord name="is_guardian" />
		<KeyWord name="is_hard_to_convert" />
		<KeyWord name="is_health" />
		<KeyWord name="is_heir" />
		<KeyWord name="is_heresy_of" />
		<KeyWord name="is_heretic" />
		<KeyWord name="is_hidden" />
		<KeyWord name="is_high_prio" />
		<KeyWord name="is_holy_site" />
		<KeyWord name="is_holy_war" />
		<KeyWord name="is_hostile" />
		<KeyWord name="is_ill" />
		<KeyWord name="is_illness" />
		<KeyWord name="is_immune_to_pruning" />
		<KeyWord name="is_important_character_to" />
		<KeyWord name="is_incapable" />
		<KeyWord name="is_independence" />
		<KeyWord name="is_indestructible" />
		<KeyWord name="is_interested_in_any_society" />
		<KeyWord name="is_in_same_unit_as" />
		<KeyWord name="is_in_society" />
		<KeyWord name="is_in_water" />
		<KeyWord name="is_ironman" />
		<KeyWord name="is_island" />
		<KeyWord name="is_job_ambition" />
		<KeyWord name="is_land" />
		<KeyWord name="is_landed" />
		<KeyWord name="is_landed_title_allowed" />
		<KeyWord name="is_landless_type_title" />
		<KeyWord name="is_law_allowed" />
		<KeyWord name="is_law_potential" />
		<KeyWord name="is_liege_of" />
		<KeyWord name="is_liege_or_above" />
		<KeyWord name="is_liege_or_above_of" />
		<KeyWord name="is_located_in" />
		<KeyWord name="is_looter" />
		<KeyWord name="is_looting" />
		<KeyWord name="is_looting_in" />
		<KeyWord name="is_lover" />
		<KeyWord name="is_lowborn" />
		<KeyWord name="is_main_spouse" />
		<KeyWord name="is_marriage_adult" />
		<KeyWord name="is_married" />
		<KeyWord name="is_married_matrilineally" />
		<KeyWord name="is_marshal" />
		<KeyWord name="is_martial" />
		<KeyWord name="is_mercenary" />
		<KeyWord name="is_merchant_republic" />
		<KeyWord name="is_modified" />
		<KeyWord name="is_monthly" />
		<KeyWord name="is_mother" />
		<KeyWord name="is_multiplayer_host_character" />
		<KeyWord name="is_name_randomized" />
		<KeyWord name="is_navy" />
		<KeyWord name="is_nibling_of" />
		<KeyWord name="is_nomadic" />
		<KeyWord name="is_occupied" />
		<KeyWord name="is_offmap_governor" />
		<KeyWord name="is_offmap_holder" />
		<KeyWord name="is_offmap_ruler" />
		<KeyWord name="is_offmap_tag" />
		<KeyWord name="is_offmap_tag_including_dead" />
		<KeyWord name="is_older_than" />
		<KeyWord name="is_opposite_sex" />
		<KeyWord name="is_or_was_offmap_power_ruler" />
		<KeyWord name="is_parent_of" />
		<KeyWord name="is_parent_religion" />
		<KeyWord name="is_part_of_plot" />
		<KeyWord name="is_patrician" />
		<KeyWord name="is_permanent" />
		<KeyWord name="is_pilgrim" />
		<KeyWord name="is_playable" />
		<KeyWord name="is_plot_active" />
		<KeyWord name="is_plot_target_of" />
		<KeyWord name="is_powerful_vassal" />
		<KeyWord name="is_preferred_holding_type" />
		<KeyWord name="is_prefix" />
		<KeyWord name="is_pregnant" />
		<KeyWord name="is_preparing_crusade" />
		<KeyWord name="is_pretender" />
		<KeyWord name="is_priest" />
		<KeyWord name="is_primary_heir" />
		<KeyWord name="is_primary_holder_title" />
		<KeyWord name="is_primary_holder_title_tier" />
		<KeyWord name="is_primary_type_title" />
		<KeyWord name="is_primary_war_attacker" />
		<KeyWord name="is_primary_war_defender" />
		<KeyWord name="is_quest_target" />
		<KeyWord name="is_quest_target_of" />
		<KeyWord name="is_random_world" />
		<KeyWord name="is_recent_grant" />
		<KeyWord name="is_reformed_religion" />
		<KeyWord name="is_reincarnated" />
		<KeyWord name="is_religion_crusade_target" />
		<KeyWord name="is_religious" />
		<KeyWord name="is_republic" />
		<KeyWord name="is_revolt_cb" />
		<KeyWord name="is_rival" />
		<KeyWord name="is_ruler" />
		<KeyWord name="is_save_game" />
		<KeyWord name="is_seafarer" />
		<KeyWord name="is_secret" />
		<KeyWord name="is_senior_consort_party" />
		<KeyWord name="is_settlement_decision_allowed" />
		<KeyWord name="is_settlement_decision_potential" />
		<KeyWord name="is_settlement_type_allowed" />
		<KeyWord name="is_shattered_world" />
		<KeyWord name="is_sick" />
		<KeyWord name="is_society" />
		<KeyWord name="is_society_discovered" />
		<KeyWord name="is_society_discovered_real" />
		<KeyWord name="is_society_grandmaster" />
		<KeyWord name="is_society_rank_full" />
		<KeyWord name="is_spiritual" />
		<KeyWord name="is_spymaster" />
		<KeyWord name="is_sub_unit_leader" />
		<KeyWord name="is_symptom" />
		<KeyWord name="is_targetted_decision_allowed" />
		<KeyWord name="is_targetted_decision_potential" />
		<KeyWord name="is_theocracy" />
		<KeyWord name="is_title_active" />
		<KeyWord name="is_title_decision_allowed" />
		<KeyWord name="is_title_decision_potential" />
		<KeyWord name="is_titular" />
		<KeyWord name="is_trade_post_decision_allowed" />
		<KeyWord name="is_trade_post_decision_potential" />
		<KeyWord name="is_treasurer" />
		<KeyWord name="is_tribal" />
		<KeyWord name="is_tribal_type_title" />
		<KeyWord name="is_tributary" />
		<KeyWord name="is_triggered_only" />
		<KeyWord name="is_twin_of" />
		<KeyWord name="is_tyranny_cb" />
		<KeyWord name="is_unique" />
		<KeyWord name="is_valid" />
		<KeyWord name="is_valid_attraction" />
		<KeyWord name="is_valid_romance_target" />
		<KeyWord name="is_valid_romance_trigger" />
		<KeyWord name="is_valid_title" />
		<KeyWord name="is_valid_viking_invasion_target" />
		<KeyWord name="is_variable_equal" />
		<KeyWord name="is_vassal_or_below" />
		<KeyWord name="is_vassal_or_below_of" />
		<KeyWord name="is_vice_royalty" />
		<KeyWord name="is_virtous" />
		<KeyWord name="is_visible" />
		<KeyWord name="is_voter" />
		<KeyWord name="is_water" />
		<KeyWord name="is_wicked" />
		<KeyWord name="is_winter" />
		<KeyWord name="is_within_diplo_range" />
		<KeyWord name="job_chancellor" />
		<KeyWord name="job_marshal" />
		<KeyWord name="job_spiritual" />
		<KeyWord name="job_spymaster" />
		<KeyWord name="job_treasurer" />
		<KeyWord name="join_crusade_if_bordering_hostile" />
		<KeyWord name="key" />
		<KeyWord name="killer" />
		<KeyWord name="king" />
		<KeyWord name="KING" />
		<KeyWord name="kingdom" />
		<KeyWord name="knights" />
		<KeyWord name="k_" />
		<KeyWord name="lacks_dlc" />
		<KeyWord name="landed_inheritance" />
		<KeyWord name="landed_kin_prestige_bonus" />
		<KeyWord name="landless" />
		<KeyWord name="leader" />
		<KeyWord name="leader_traits" />
		<KeyWord name="leads_faction" />
		<KeyWord name="least_prestigious_clan" />
		<KeyWord name="least_prestigious_clan_except_me" />
		<KeyWord name="least_prestigious_clan_vassal" />
		<KeyWord name="least_prestigious_clan_vassal_except_me" />
		<KeyWord name="left_flank_leader" />
		<KeyWord name="legacy_lazy_load" />
		<KeyWord name="LIEGE" />
		<KeyWord name="liege" />
		<KeyWord name="liege_before_war" />
		<KeyWord name="lifestyle" />
		<KeyWord name="lifestyle_traits" />
		<KeyWord name="lift_fow" />
		<KeyWord name="lift_neighbor_fow" />
		<KeyWord name="light_cavalry" />
		<KeyWord name="light_infantry" />
		<KeyWord name="light_troops" />
		<KeyWord name="liked_by_offmap" />
		<KeyWord name="likes_better_than" />
		<KeyWord name="localisation_key" />
		<KeyWord name="location" />
		<KeyWord name="location_ruler_title" />
		<KeyWord name="loot" />
		<KeyWord name="lover" />
		<KeyWord name="lower_real_tier_than" />
		<KeyWord name="lower_tier_than" />
		<KeyWord name="major" />
		<KeyWord name="major_revolt" />
		<KeyWord name="major_trigger" />
		<KeyWord name="male_temple_holders" />
		<KeyWord name="marriage_ignore_religion" />
		<KeyWord name="matrilineal_marriages" />
		<KeyWord name="matrilineal_override" />
		<KeyWord name="max_age" />
		<KeyWord name="max_manpower" />
		<KeyWord name="max_population_and_manpower" />
		<KeyWord name="max_realm_levy_diff" />
		<KeyWord name="may_request_law_change" />
		<KeyWord name="men_can_take_consorts" />
		<KeyWord name="mercenary" />
		<KeyWord name="mercenary_employer" />
		<KeyWord name="mercenary_siphon_factor" />
		<KeyWord name="merchant_republic" />
		<KeyWord name="merge" />
		<KeyWord name="merge_republic_interface" />
		<KeyWord name="message" />
		<KeyWord name="military_plot" />
		<KeyWord name="min_age" />
		<KeyWord name="modifier" />
		<KeyWord name="month" />
		<KeyWord name="month_of_birth" />
		<KeyWord name="most_participating_attacker" />
		<KeyWord name="most_participating_crusader" />
		<KeyWord name="most_participating_defender" />
		<KeyWord name="most_popular_vassal" />
		<KeyWord name="most_prestigious_clan" />
		<KeyWord name="most_prestigious_clan_except_me" />
		<KeyWord name="most_prestigious_clan_vassal" />
		<KeyWord name="most_prestigious_clan_vassal_except_me" />
		<KeyWord name="mother" />
		<KeyWord name="mother_even_if_dead" />
		<KeyWord name="move" />
		<KeyWord name="multiplayer" />
		<KeyWord name="mult_modifier" />
		<KeyWord name="murder_plot" />
		<KeyWord name="murder_unknown" />
		<KeyWord name="name" />
		<KeyWord name="NAND" />
		<KeyWord name="new_artifact" />
		<KeyWord name="new_bloodline" />
		<KeyWord name="new_character" />
		<KeyWord name="new_title" />
		<KeyWord name="no" />
		<KeyWord name="NOMAD" />
		<KeyWord name="nomad" />
		<KeyWord name="nomadic_in_alt_start" />
		<KeyWord name="non_aggression_pact" />
		<KeyWord name="non_interference" />
		<KeyWord name="NOR" />
		<KeyWord name="NOT" />
		<KeyWord name="notification" />
		<KeyWord name="not_if_x_exists" />
		<KeyWord name="num_culture_provinces" />
		<KeyWord name="num_culture_realm_provs" />
		<KeyWord name="num_fitting_characters_for_title" />
		<KeyWord name="num_holy_sites_generated" />
		<KeyWord name="num_of_artifacts" />
		<KeyWord name="num_of_baron_titles" />
		<KeyWord name="num_of_baron_titles_in_realm" />
		<KeyWord name="num_of_buildings" />
		<KeyWord name="num_of_children" />
		<KeyWord name="num_of_claims" />
		<KeyWord name="num_of_consorts" />
		<KeyWord name="num_of_count_titles" />
		<KeyWord name="num_of_count_titles_in_realm" />
		<KeyWord name="num_of_courtiers" />
		<KeyWord name="num_of_demesne_castles" />
		<KeyWord name="num_of_demesne_cities" />
		<KeyWord name="num_of_demesne_empty_provinces" />
		<KeyWord name="num_of_demesne_temples" />
		<KeyWord name="num_of_demesne_tribes" />
		<KeyWord name="num_of_duke_titles" />
		<KeyWord name="num_of_duke_titles_in_realm" />
		<KeyWord name="num_of_dynasty_members" />
		<KeyWord name="num_of_emperor_titles" />
		<KeyWord name="num_of_empty_holdings" />
		<KeyWord name="num_of_extra_landed_titles" />
		<KeyWord name="num_of_faction_backers" />
		<KeyWord name="num_of_feuds" />
		<KeyWord name="num_of_forts" />
		<KeyWord name="num_of_forts_diff" />
		<KeyWord name="num_of_friends" />
		<KeyWord name="num_of_government_vassals" />
		<KeyWord name="num_of_holy_sites" />
		<KeyWord name="num_of_hospitals" />
		<KeyWord name="num_of_hospitals_diff" />
		<KeyWord name="num_of_king_titles" />
		<KeyWord name="num_of_king_titles_in_realm" />
		<KeyWord name="num_of_lovers" />
		<KeyWord name="num_of_max_settlements" />
		<KeyWord name="num_of_plot_backers" />
		<KeyWord name="num_of_prisoners" />
		<KeyWord name="num_of_realm_counties" />
		<KeyWord name="num_of_rivals" />
		<KeyWord name="num_of_settlements" />
		<KeyWord name="num_of_society_members" />
		<KeyWord name="num_of_spouses" />
		<KeyWord name="num_of_subrealm_castles" />
		<KeyWord name="num_of_subrealm_cities" />
		<KeyWord name="num_of_subrealm_empty_provinces" />
		<KeyWord name="num_of_subrealm_temples" />
		<KeyWord name="num_of_subrealm_tribes" />
		<KeyWord name="num_of_symptoms" />
		<KeyWord name="num_of_titles" />
		<KeyWord name="num_of_titles_in_realm" />
		<KeyWord name="num_of_trade_posts" />
		<KeyWord name="num_of_trade_post_diff" />
		<KeyWord name="num_of_traits" />
		<KeyWord name="num_of_unique_dynasty_vassals" />
		<KeyWord name="num_of_vassals" />
		<KeyWord name="num_of_wonders" />
		<KeyWord name="num_of_wonder_upgrades" />
		<KeyWord name="num_religion_provinces" />
		<KeyWord name="num_religion_realm_provs" />
		<KeyWord name="num_title_realm_provs" />
		<KeyWord name="num_traits" />
		<KeyWord name="obedient" />
		<KeyWord name="occluded" />
		<KeyWord name="official_crusade_recipient" />
		<KeyWord name="offmap" />
		<KeyWord name="offmap_" />
		<KeyWord name="offmap_has_dislike" />
		<KeyWord name="offmap_has_like" />
		<KeyWord name="offmap_power" />
		<KeyWord name="offmap_prev_ruler" />
		<KeyWord name="offmap_ruler" />
		<KeyWord name="one_only" />
		<KeyWord name="only_capable" />
		<KeyWord name="only_independent" />
		<KeyWord name="only_men" />
		<KeyWord name="only_playable" />
		<KeyWord name="only_rulers" />
		<KeyWord name="only_women" />
		<KeyWord name="opinion_diff" />
		<KeyWord name="opinion_levy_raised_days" />
		<KeyWord name="OR" />
		<KeyWord name="original_artifact_owner" />
		<KeyWord name="original_owner" />
		<KeyWord name="original_wonder_owner" />
		<KeyWord name="other_de_jure_claim" />
		<KeyWord name="overlord_of" />
		<KeyWord name="over_max_demesne_size" />
		<KeyWord name="over_vassal_limit" />
		<KeyWord name="owed_favor_activated_by" />
		<KeyWord name="owes_favor_to" />
		<KeyWord name="owner" />
		<KeyWord name="owns" />
		<KeyWord name="owns_mercenary_units" />
		<KeyWord name="pacifist" />
		<KeyWord name="parent_religion" />
		<KeyWord name="parent_religion_head" />
		<KeyWord name="patrician_heir" />
		<KeyWord name="pays_tribute_to" />
		<KeyWord name="pc_marriage" />
		<KeyWord name="peace_piety_gain" />
		<KeyWord name="peace_prestige_loss" />
		<KeyWord name="pentarchy" />
		<KeyWord name="persistent_event_target:" />
		<KeyWord name="personality" />
		<KeyWord name="personality_traits" />
		<KeyWord name="personal_opinion" />
		<KeyWord name="personal_opinion_diff" />
		<KeyWord name="per_attribute" />
		<KeyWord name="phase" />
		<KeyWord name="pikemen" />
		<KeyWord name="pilgrimage" />
		<KeyWord name="playable" />
		<KeyWord name="player_allow" />
		<KeyWord name="player_heir" />
		<KeyWord name="plot_is_known_by" />
		<KeyWord name="plot_power" />
		<KeyWord name="plot_power_contribution" />
		<KeyWord name="plot_target_char" />
		<KeyWord name="plot_target_province" />
		<KeyWord name="plot_target_title" />
		<KeyWord name="population_and_manpower" />
		<KeyWord name="population_and_manpower_growth" />
		<KeyWord name="population_factor" />
		<KeyWord name="port" />
		<KeyWord name="possible" />
		<KeyWord name="potential" />
		<KeyWord name="practical_age" />
		<KeyWord name="preferred_war_target" />
		<KeyWord name="prefix" />
		<KeyWord name="preparing_adventure_against_me" />
		<KeyWord name="preparing_invasion" />
		<KeyWord name="preparing_to_invade_me" />
		<KeyWord name="PREV" />
		<KeyWord name="previous_artifact_owner" />
		<KeyWord name="previous_wonder_owner" />
		<KeyWord name="PREVPREV" />
		<KeyWord name="PREVPREVPREV" />
		<KeyWord name="PREVPREVPREVPREV" />
		<KeyWord name="prev_policy" />
		<KeyWord name="prev_policy_flag" />
		<KeyWord name="prev_status" />
		<KeyWord name="prev_status_flag" />
		<KeyWord name="pre_reformed" />
		<KeyWord name="priests_can_inherit" />
		<KeyWord name="priests_can_marry" />
		<KeyWord name="primary" />
		<KeyWord name="primary_title" />
		<KeyWord name="prisoner" />
		<KeyWord name="prison_reason" />
		<KeyWord name="province" />
		<KeyWord name="province_id" />
		<KeyWord name="psc_marriage" />
		<KeyWord name="purple_born_heirs" />
		<KeyWord name="quality" />
		<KeyWord name="quest_target" />
		<KeyWord name="race" />
		<KeyWord name="raised_manpower" />
		<KeyWord name="raised_vassal_opinion_loss" />
		<KeyWord name="random_allied_character" />
		<KeyWord name="random_army" />
		<KeyWord name="random_artifact" />
		<KeyWord name="random_artifact_owner" />
		<KeyWord name="random_backed_character" />
		<KeyWord name="random_bloodline" />
		<KeyWord name="random_bloodline_member" />
		<KeyWord name="random_character" />
		<KeyWord name="random_child" />
		<KeyWord name="random_child_even_if_dead" />
		<KeyWord name="random_claim" />
		<KeyWord name="random_close_relative" />
		<KeyWord name="random_connected_province" />
		<KeyWord name="random_consort" />
		<KeyWord name="random_controlled_unit" />
		<KeyWord name="random_courtier" />
		<KeyWord name="random_courtier_or_vassal" />
		<KeyWord name="random_crusade_defender" />
		<KeyWord name="random_crusade_participant" />
		<KeyWord name="random_current_enemy" />
		<KeyWord name="random_demesne_province" />
		<KeyWord name="random_demesne_title" />
		<KeyWord name="random_demesne_wonder" />
		<KeyWord name="random_direct_de_jure_vassal_title" />
		<KeyWord name="random_disconnected_province" />
		<KeyWord name="random_dynasty_member" />
		<KeyWord name="random_dynasty_member_even_if_dead" />
		<KeyWord name="random_eldership" />
		<KeyWord name="random_elector_character" />
		<KeyWord name="random_enemy_plotter" />
		<KeyWord name="random_fleet" />
		<KeyWord name="random_fort" />
		<KeyWord name="random_friend" />
		<KeyWord name="random_hospital" />
		<KeyWord name="random_host_courtier" />
		<KeyWord name="random_independent_ruler" />
		<KeyWord name="random_known_enemy_plotter" />
		<KeyWord name="random_landed_title" />
		<KeyWord name="random_lover" />
		<KeyWord name="random_neighbor_independent_ruler" />
		<KeyWord name="random_neighbor_province" />
		<KeyWord name="random_non_aggression_pact_character" />
		<KeyWord name="random_opinion_modifier_target" />
		<KeyWord name="random_owned_bloodline" />
		<KeyWord name="random_playable_ruler" />
		<KeyWord name="random_player" />
		<KeyWord name="random_potential_tribal_county" />
		<KeyWord name="random_pretender" />
		<KeyWord name="random_province" />
		<KeyWord name="random_province_character" />
		<KeyWord name="random_province_holding" />
		<KeyWord name="random_province_lord" />
		<KeyWord name="random_pupil" />
		<KeyWord name="random_quester" />
		<KeyWord name="random_quester_targetting_this" />
		<KeyWord name="random_quest_target" />
		<KeyWord name="random_realm_character" />
		<KeyWord name="random_realm_lord" />
		<KeyWord name="random_realm_province" />
		<KeyWord name="random_realm_title" />
		<KeyWord name="random_realm_wonder_upgrade" />
		<KeyWord name="random_rival" />
		<KeyWord name="random_sibling" />
		<KeyWord name="random_sibling_even_if_dead" />
		<KeyWord name="random_society_member" />
		<KeyWord name="random_spouse" />
		<KeyWord name="random_spouse_even_if_dead" />
		<KeyWord name="random_trade_post" />
		<KeyWord name="random_traits" />
		<KeyWord name="random_tributary" />
		<KeyWord name="random_unit" />
		<KeyWord name="random_unit_leader" />
		<KeyWord name="random_unknown_enemy_plotter" />
		<KeyWord name="random_vassal" />
		<KeyWord name="random_voter" />
		<KeyWord name="random_ward" />
		<KeyWord name="rank" />
		<KeyWord name="realm" />
		<KeyWord name="realm_character_percent" />
		<KeyWord name="realm_diplomacy" />
		<KeyWord name="realm_intrigue" />
		<KeyWord name="realm_in_name" />
		<KeyWord name="realm_learning" />
		<KeyWord name="realm_levies" />
		<KeyWord name="realm_levy_diff" />
		<KeyWord name="realm_martial" />
		<KeyWord name="realm_size" />
		<KeyWord name="realm_stewardship" />
		<KeyWord name="real_father" />
		<KeyWord name="real_father_even_if_dead" />
		<KeyWord name="real_month_of_year" />
		<KeyWord name="real_tier" />
		<KeyWord name="rebel" />
		<KeyWord name="rebel_inherited" />
		<KeyWord name="reflect_titleholder_change" />
		<KeyWord name="regent" />
		<KeyWord name="region" />
		<KeyWord name="regional_percentage" />
		<KeyWord name="reincarnated" />
		<KeyWord name="reincarnation_scope" />
		<KeyWord name="reinforces" />
		<KeyWord name="relative_income" />
		<KeyWord name="relative_income_to_liege" />
		<KeyWord name="relative_power" />
		<KeyWord name="relative_power_including_allies_attacker" />
		<KeyWord name="relative_power_including_allies_defender" />
		<KeyWord name="relative_power_to_liege" />
		<KeyWord name="relative_realm_size" />
		<KeyWord name="religion_allows_female_temple_holders" />
		<KeyWord name="religion_allows_male_temple_holders" />
		<KeyWord name="religion_distance" />
		<KeyWord name="religion_group" />
		<KeyWord name="religion_head" />
		<KeyWord name="religion_scope" />
		<KeyWord name="religious" />
		<KeyWord name="rel_head_defense" />
		<KeyWord name="rel_head_loyalist" />
		<KeyWord name="replace_captain_on_death" />
		<KeyWord name="replace_order" />
		<KeyWord name="republic_total_num_of_trade_posts" />
		<KeyWord name="reverse_clan_opinion" />
		<KeyWord name="reverse_clan_opinion_diff" />
		<KeyWord name="reverse_has_cb" />
		<KeyWord name="reverse_has_opinion_modifier" />
		<KeyWord name="reverse_has_truce" />
		<KeyWord name="reverse_max_realm_levy_diff" />
		<KeyWord name="reverse_personal_opinion" />
		<KeyWord name="reverse_personal_opinion_diff" />
		<KeyWord name="reverse_realm_levy_diff" />
		<KeyWord name="revoke_allowed" />
		<KeyWord name="revoke_reason" />
		<KeyWord name="revoke_trigger" />
		<KeyWord name="revolt_risk" />
		<KeyWord name="right" />
		<KeyWord name="rightful_religious_head" />
		<KeyWord name="rightful_religious_head_scope" />
		<KeyWord name="right_flank_leader" />
		<KeyWord name="rip" />
		<KeyWord name="risks_minor_clan_rising" />
		<KeyWord name="ROOT" />
		<KeyWord name="ROOT_FROM" />
		<KeyWord name="ROOT_FROMFROM" />
		<KeyWord name="ROOT_FROMFROMFROM" />
		<KeyWord name="ruled_years" />
		<KeyWord name="ruler" />
		<KeyWord name="same_guardian" />
		<KeyWord name="same_liege" />
		<KeyWord name="same_realm" />
		<KeyWord name="same_regnal_name" />
		<KeyWord name="same_religion" />
		<KeyWord name="same_sex" />
		<KeyWord name="same_society_as" />
		<KeyWord name="same_trait_visibility" />
		<KeyWord name="score" />
		<KeyWord name="seafarer" />
		<KeyWord name="sea_zone" />
		<KeyWord name="secret_religion" />
		<KeyWord name="secret_religion_group" />
		<KeyWord name="secret_religion_scope" />
		<KeyWord name="secret_religious_cult" />
		<KeyWord name="secret_religious_society_" />
		<KeyWord name="separator" />
		<KeyWord name="shares_realm_border_with" />
		<KeyWord name="short_name" />
		<KeyWord name="show_as_percent" />
		<KeyWord name="show_as_title" />
		<KeyWord name="show_example_image" />
		<KeyWord name="show_example_image_tooltips" />
		<KeyWord name="show_from_from" />
		<KeyWord name="show_from_from_from" />
		<KeyWord name="show_header" />
		<KeyWord name="show_in_history" />
		<KeyWord name="show_maybe_for_human" />
		<KeyWord name="show_model" />
		<KeyWord name="show_only_failed_conditions" />
		<KeyWord name="show_root" />
		<KeyWord name="show_ROOT" />
		<KeyWord name="show_scope_change" />
		<KeyWord name="show_society" />
		<KeyWord name="show_third_party_potential" />
		<KeyWord name="show_third_party_score" />
		<KeyWord name="show_value" />
		<KeyWord name="show_window" />
		<KeyWord name="sibling" />
		<KeyWord name="siege" />
		<KeyWord name="size" />
		<KeyWord name="society" />
		<KeyWord name="society_can_rank_down" />
		<KeyWord name="society_can_rank_up" />
		<KeyWord name="society_currency" />
		<KeyWord name="society_has_active_progress" />
		<KeyWord name="society_has_members" />
		<KeyWord name="society_influence" />
		<KeyWord name="society_is_active" />
		<KeyWord name="society_is_criminal" />
		<KeyWord name="society_is_devil_worshiper" />
		<KeyWord name="society_member_of" />
		<KeyWord name="society_progress" />
		<KeyWord name="spouse" />
		<KeyWord name="spouse_context" />
		<KeyWord name="spouse_even_if_dead" />
		<KeyWord name="spread_through_water" />
		<KeyWord name="stacking" />
		<KeyWord name="start_date" />
		<KeyWord name="status" />
		<KeyWord name="sticky" />
		<KeyWord name="strong" />
		<KeyWord name="strongest_clan" />
		<KeyWord name="strongest_clan_except_me" />
		<KeyWord name="strongest_clan_vassal" />
		<KeyWord name="strongest_clan_vassal_except_me" />
		<KeyWord name="success" />
		<KeyWord name="succession_gfx" />
		<KeyWord name="succ_law_title" />
		<KeyWord name="supported_checksum" />
		<KeyWord name="supported_claimant" />
		<KeyWord name="supported_claimant_title" />
		<KeyWord name="suzerain" />
		<KeyWord name="suzerain_can_be_called" />
		<KeyWord name="suzerain_can_join_infighting" />
		<KeyWord name="suzerain_must_defend" />
		<KeyWord name="target_potential" />
		<KeyWord name="target_type" />
		<KeyWord name="technology_can_spread" />
		<KeyWord name="temple" />
		<KeyWord name="TEMPLE" />
		<KeyWord name="temporary" />
		<KeyWord name="terrain" />
		<KeyWord name="text" />
		<KeyWord name="their_clan_opinion" />
		<KeyWord name="their_opinion" />
		<KeyWord name="thirdparty_title_scope" />
		<KeyWord name="third_party_allow" />
		<KeyWord name="third_party_potential" />
		<KeyWord name="THIS" />
		<KeyWord name="tier" />
		<KeyWord name="title" />
		<KeyWord name="title_to_get_rid_of" />
		<KeyWord name="tolerates_" />
		<KeyWord name="top_de_jure_capital" />
		<KeyWord name="top_liege" />
		<KeyWord name="total_claims" />
		<KeyWord name="total_manpower" />
		<KeyWord name="total_years_played" />
		<KeyWord name="trade_post" />
		<KeyWord name="TRADE_POST" />
		<KeyWord name="trade_post_display_trigger" />
		<KeyWord name="trade_post_has_any_building" />
		<KeyWord name="trade_post_has_building" />
		<KeyWord name="trade_post_owner" />
		<KeyWord name="trade_route" />
		<KeyWord name="trade_route_control" />
		<KeyWord name="trait" />
		<KeyWord name="TRIBAL" />
		<KeyWord name="tribal" />
		<KeyWord name="tributaries_can_infight" />
		<KeyWord name="tributaries_can_unite" />
		<KeyWord name="tributary_can_be_summoned" />
		<KeyWord name="tributary_must_defend" />
		<KeyWord name="trigger" />
		<KeyWord name="triggered_from_code" />
		<KeyWord name="true_father" />
		<KeyWord name="true_father_even_if_dead" />
		<KeyWord name="true_religion" />
		<KeyWord name="true_religion_group" />
		<KeyWord name="true_religion_scope" />
		<KeyWord name="twin" />
		<KeyWord name="twin_even_if_dead" />
		<KeyWord name="unit_is_in_combat" />
		<KeyWord name="UNLANDED" />
		<KeyWord name="unlanded" />
		<KeyWord name="unused_manpower" />
		<KeyWord name="update" />
		<KeyWord name="used_for_dynasty_names" />
		<KeyWord name="used_for_random" />
		<KeyWord name="uses_bride_price" />
		<KeyWord name="uses_decadence" />
		<KeyWord name="uses_jizya_tax" />
		<KeyWord name="uses_new_crusade" />
		<KeyWord name="uses_piety_for_law_change" />
		<KeyWord name="uses_prestige_for_law_change" />
		<KeyWord name="use_first_valid" />
		<KeyWord name="use_new_crusade" />
		<KeyWord name="using_cb" />
		<KeyWord name="valid_exile_court_trigger" />
		<KeyWord name="value" />
		<KeyWord name="vassal_government_opinion_penalties" />
		<KeyWord name="vassal_intrigue_plot" />
		<KeyWord name="vassal_of" />
		<KeyWord name="vassal_rank_plot" />
		<KeyWord name="vice" />
		<KeyWord name="violent" />
		<KeyWord name="virtue" />
		<KeyWord name="war_elephants" />
		<KeyWord name="war_participation" />
		<KeyWord name="war_score" />
		<KeyWord name="war_title" />
		<KeyWord name="war_with" />
		<KeyWord name="was_conceived_a_bastard" />
		<KeyWord name="weakest_clan" />
		<KeyWord name="weakest_clan_except_me" />
		<KeyWord name="weakest_clan_vassal" />
		<KeyWord name="weakest_clan_vassal_except_me" />
		<KeyWord name="weight_multiplier" />
		<KeyWord name="will_liege_enforce_peace" />
		<KeyWord name="women_can_take_consorts" />
		<KeyWord name="wonder_age" />
		<KeyWord name="wonder_owner" />
		<KeyWord name="wonder_stage" />
		<KeyWord name="wonder_stage_age" />
		<KeyWord name="wonder_tier_age" />
		<KeyWord name="wonder_upgrade" />
		<KeyWord name="wonder_upgrade_age" />
		<KeyWord name="would_be_heir_under_law" />
		<KeyWord name="year" />
		<KeyWord name="yearly_income" />
		<KeyWord name="year_of_birth" />
		<KeyWord name="yes" />
	</AutoComplete>
</NotepadPlus>