<?xml version="1.0" encoding="Windows-1252" ?>
<NotepadPlus>
	<AutoComplete>
		<Environment ignoreCase="yes" startFunc="{" stopFunc="}" paramSeparator=" " terminal=";" />	
		<KeyWord name="actorFile" />
		<KeyWord name="additive_modifier" />
		<KeyWord name="allow_cancel" />
		<KeyWord name="allow_property_values" />
		<KeyWord name="always" />
		<KeyWord name="alwaysTransparent" />
		<KeyWord name="AND" />
		<KeyWord name="animation" />
		<KeyWord name="animation_rate_fps" />
		<KeyWord name="animation_time" />
		<KeyWord name="animation_type" />
		<KeyWord name="arrowType" />
		<KeyWord name="attack" />
		<KeyWord name="backGround" />
		<KeyWord name="background_picture" />
		<KeyWord name="banned_colors" />
		<KeyWord name="bitmapFont" />
		<KeyWord name="bitmapFonts" />
		<KeyWord name="bodyTexture" />
		<KeyWord name="bodytexture" />
		<KeyWord name="borderSize" />
		<KeyWord name="browserType" />
		<KeyWord name="buttonFont" />
		<KeyWord name="buttonText" />
		<KeyWord name="can_be_lowres" />
		<KeyWord name="category" />
		<KeyWord name="center" />
		<KeyWord name="chance" />
		<KeyWord name="checkboxType" />
		<KeyWord name="clickSound" />
		<KeyWord name="click_to_front" />
		<KeyWord name="close_pause" />
		<KeyWord name="close_priority" />
		<KeyWord name="coatOfArmsType" />
		<KeyWord name="color" />
		<KeyWord name="colorCodes" />
		<KeyWord name="colorTwo" />
		<KeyWord name="color_override" />
		<KeyWord name="corneredTileSpriteType" />
		<KeyWord name="cull_distance" />
		<KeyWord name="culture" />
		<KeyWord name="cursor" />
		<KeyWord name="defaultAnimationTime" />
		<KeyWord name="delayedTooltipText" />
		<KeyWord name="dontRender" />
		<KeyWord name="downSound" />
		<KeyWord name="editBoxType" />
		<KeyWord name="effect" />
		<KeyWord name="effectFile" />
		<KeyWord name="emblem" />
		<KeyWord name="EMFXActorType" />
		<KeyWord name="endAt" />
		<KeyWord name="eu3DialogType" />
		<KeyWord name="eye_color" />
		<KeyWord name="eye_color_index" />
		<KeyWord name="factor" />
		<KeyWord name="file" />
		<KeyWord name="fixedSize" />
		<KeyWord name="font" />
		<KeyWord name="fontname" />
		<KeyWord name="fontname_gui_scaled" />
		<KeyWord name="format" />
		<KeyWord name="frame" />
		<KeyWord name="frameAnimatedSpriteType" />
		<KeyWord name="fullScreen" />
		<KeyWord name="guiButtonType" />
		<KeyWord name="guiTypes" />
		<KeyWord name="hair_color" />
		<KeyWord name="hair_color_index" />
		<KeyWord name="headgear_that_hides_hair" />
		<KeyWord name="heading" />
		<KeyWord name="height" />
		<KeyWord name="hide_frame" />
		<KeyWord name="hide_position" />
		<KeyWord name="hint_tag" />
		<KeyWord name="horizontal" />
		<KeyWord name="horizontalBorder" />
		<KeyWord name="iconType" />
		<KeyWord name="id" />
		<KeyWord name="idle" />
		<KeyWord name="if_resolution" />
		<KeyWord name="instantTextBoxType" />
		<KeyWord name="interest_pause" />
		<KeyWord name="interest_priority" />
		<KeyWord name="layer" />
		<KeyWord name="leftButton" />
		<KeyWord name="legacy_lazy_load" />
		<KeyWord name="letter_event" />
		<KeyWord name="lineChartType" />
		<KeyWord name="lineWidth" />
		<KeyWord name="listBoxType" />
		<KeyWord name="loadType" />
		<KeyWord name="looping" />
		<KeyWord name="mask" />
		<KeyWord name="maskedShieldType" />
		<KeyWord name="maxHeight" />
		<KeyWord name="maxValue" />
		<KeyWord name="maxWidth" />
		<KeyWord name="maxwidth" />
		<KeyWord name="max_height" />
		<KeyWord name="message_log" />
		<KeyWord name="minValue" />
		<KeyWord name="min_height" />
		<KeyWord name="modifier" />
		<KeyWord name="move" />
		<KeyWord name="moveable" />
		<KeyWord name="mult_modifier" />
		<KeyWord name="name" />
		<KeyWord name="NAND" />
		<KeyWord name="no" />
		<KeyWord name="noOfFrames" />
		<KeyWord name="NOR" />
		<KeyWord name="noRefCount" />
		<KeyWord name="NOT" />
		<KeyWord name="objectTypes" />
		<KeyWord name="offset" />
		<KeyWord name="on_demand" />
		<KeyWord name="OR" />
		<KeyWord name="orientation" />
		<KeyWord name="overlappingElementsBoxType" />
		<KeyWord name="parent" />
		<KeyWord name="pausegame" />
		<KeyWord name="pdxmesh" />
		<KeyWord name="pdxMesh" />
		<KeyWord name="pdx_tooltip" />
		<KeyWord name="pdx_tooltip_delayed" />
		<KeyWord name="picture" />
		<KeyWord name="play_on_show" />
		<KeyWord name="portraitType" />
		<KeyWord name="portrait_age" />
		<KeyWord name="portrait_clothing" />
		<KeyWord name="portrait_culture" />
		<KeyWord name="portrait_culture_group" />
		<KeyWord name="portrait_gfx_culture" />
		<KeyWord name="portrait_government" />
		<KeyWord name="portrait_has_trait" />
		<KeyWord name="portrait_in_command" />
		<KeyWord name="portrait_is_female" />
		<KeyWord name="portrait_is_patrician" />
		<KeyWord name="portrait_offmap" />
		<KeyWord name="portrait_religion" />
		<KeyWord name="portrait_society" />
		<KeyWord name="portrait_society_rank" />
		<KeyWord name="portrait_tier" />
		<KeyWord name="portrait_title_tier" />
		<KeyWord name="position" />
		<KeyWord name="positions" />
		<KeyWord name="positionType" />
		<KeyWord name="priority" />
		<KeyWord name="priority_shortcut" />
		<KeyWord name="progressBarType" />
		<KeyWord name="quadTextureSprite" />
		<KeyWord name="random" />
		<KeyWord name="rebel_colors" />
		<KeyWord name="religion" />
		<KeyWord name="religion_group" />
		<KeyWord name="rightButton" />
		<KeyWord name="rotation" />
		<KeyWord name="scale" />
		<KeyWord name="scale_on_cull_distance" />
		<KeyWord name="scrollBarType" />
		<KeyWord name="seal_overlay" />
		<KeyWord name="shieldType" />
		<KeyWord name="shortcut" />
		<KeyWord name="show_in_settings" />
		<KeyWord name="show_position" />
		<KeyWord name="size" />
		<KeyWord name="slider" />
		<KeyWord name="smoothListboxType" />
		<KeyWord name="song" />
		<KeyWord name="song_name" />
		<KeyWord name="sound" />
		<KeyWord name="spacing" />
		<KeyWord name="spriteType" />
		<KeyWord name="spriteTypes" />
		<KeyWord name="startValue" />
		<KeyWord name="stepSize" />
		<KeyWord name="take_events_when_disabled" />
		<KeyWord name="templates" />
		<KeyWord name="text" />
		<KeyWord name="textBoxType" />
		<KeyWord name="textSpriteType" />
		<KeyWord name="texture" />
		<KeyWord name="texturedLineType" />
		<KeyWord name="textureFile" />
		<KeyWord name="textureFile1" />
		<KeyWord name="textureFile2" />
		<KeyWord name="textures" />
		<KeyWord name="tilingCenter" />
		<KeyWord name="tooltip" />
		<KeyWord name="tooltipText" />
		<KeyWord name="track" />
		<KeyWord name="transparenceCheck" />
		<KeyWord name="type" />
		<KeyWord name="upsound" />
		<KeyWord name="upSound" />
		<KeyWord name="use_animation" />
		<KeyWord name="use_special_chars" />
		<KeyWord name="uv_animation_speed" />
		<KeyWord name="value" />
		<KeyWord name="verticalBorder" />
		<KeyWord name="volume" />
		<KeyWord name="weight" />
		<KeyWord name="windowType" />
		<KeyWord name="x" />
		<KeyWord name="y" />
		<KeyWord name="yes" />
	</AutoComplete>
</NotepadPlus>