<?xml version="1.0" encoding="Windows-1252" ?>
<NotepadPlus>
	<AutoComplete>
		<Environment ignoreCase="yes" startFunc="{" stopFunc="}" paramSeparator=" " terminal=";" />
		<KeyWord name="acdate" />
		<KeyWord name="acloc" />
		<KeyWord name="action" />
		<KeyWord name="active" />
		<KeyWord name="active_ambition" />
		<KeyWord name="active_faction" />
		<KeyWord name="active_focus" />
		<KeyWord name="active_plot" />
		<KeyWord name="active_war" />
		<KeyWord name="actor" />
		<KeyWord name="add_attacker" />
		<KeyWord name="add_defender" />
		<KeyWord name="adjacencies" />
		<KeyWord name="adjective" />
		<KeyWord name="adventurer" />
		<KeyWord name="allows_matrilineal_marriage" />
		<KeyWord name="alternate_start" />
		<KeyWord name="ambition_date" />
		<KeyWord name="ar" />
		<KeyWord name="archers" />
		<KeyWord name="archers_f" />
		<KeyWord name="army" />
		<KeyWord name="army_rally_points" />
		<KeyWord name="army_size_percentage" />
		<KeyWord name="artifacts" />
		<KeyWord name="att" />
		<KeyWord name="attacker" />
		<KeyWord name="attacker_dates" />
		<KeyWord name="attacker_participation" />
		<KeyWord name="attacker_score" />
		<KeyWord name="attackers" />
		<KeyWord name="auto_assign_commanders" />
		<KeyWord name="auto_invite" />
		<KeyWord name="avi" />
		<KeyWord name="b_" />
		<KeyWord name="b_d" />
		<KeyWord name="backer" />
		<KeyWord name="background" />
		<KeyWord name="background_frame_number" />
		<KeyWord name="base" />
		<KeyWord name="base_title" />
		<KeyWord name="battle" />
		<KeyWord name="bn" />
		<KeyWord name="bstd" />
		<KeyWord name="btrh" />
		<KeyWord name="build_time" />
		<KeyWord name="c_" />
		<KeyWord name="c_d" />
		<KeyWord name="camel_cavalry" />
		<KeyWord name="campaign_fund" />
		<KeyWord name="can_call_to_war" />
		<KeyWord name="cannot_cancel_vote" />
		<KeyWord name="capital" />
		<KeyWord name="casus_belli" />
		<KeyWord name="char" />
		<KeyWord name="character" />
		<KeyWord name="character_action" />
		<KeyWord name="character_history" />
		<KeyWord name="checksum" />
		<KeyWord name="CK2txt" />
		<KeyWord name="claim" />
		<KeyWord name="coa_dynasty" />
		<KeyWord name="coalition" />
		<KeyWord name="coalition_member" />
		<KeyWord name="coalition_target" />
		<KeyWord name="coalition_target_title" />
		<KeyWord name="coat_of_arms" />
		<KeyWord name="color" />
		<KeyWord name="combat" />
		<KeyWord name="completed" />
		<KeyWord name="conquest_culture" />
		<KeyWord name="consort" />
		<KeyWord name="construction_history" />
		<KeyWord name="construction_paused" />
		<KeyWord name="council_discontent_reason" />
		<KeyWord name="council_discontent_start" />
		<KeyWord name="council_discontent_update" />
		<KeyWord name="council_succession_vote" />
		<KeyWord name="council_voting" />
		<KeyWord name="cpos" />
		<KeyWord name="cpos_start" />
		<KeyWord name="created" />
		<KeyWord name="crown_law_change_timeout" />
		<KeyWord name="cul" />
		<KeyWord name="culture" />
		<KeyWord name="culture_techpoints" />
		<KeyWord name="cur_policy" />
		<KeyWord name="cur_status" />
		<KeyWord name="curexp" />
		<KeyWord name="curinc" />
		<KeyWord name="custom_desc" />
		<KeyWord name="custom_graphics" />
		<KeyWord name="custom_history" />
		<KeyWord name="custom_name" />
		<KeyWord name="d" />
		<KeyWord name="d_" />
		<KeyWord name="d_d" />
		<KeyWord name="data" />
		<KeyWord name="date" />
		<KeyWord name="day" />
		<KeyWord name="days" />
		<KeyWord name="days_at_current_society_rank" />
		<KeyWord name="days_in_society" />
		<KeyWord name="de_jure_law_change" />
		<KeyWord name="de_jure_law_changer" />
		<KeyWord name="de_jure_law_changes" />
		<KeyWord name="de_jure_liege" />
		<KeyWord name="decadence" />
		<KeyWord name="decay_count" />
		<KeyWord name="decay_speed" />
		<KeyWord name="defender" />
		<KeyWord name="defender_dates" />
		<KeyWord name="defender_participation" />
		<KeyWord name="defender_score" />
		<KeyWord name="defenders" />
		<KeyWord name="delayed_event" />
		<KeyWord name="delete" />
		<KeyWord name="desc" />
		<KeyWord name="diplo_" />
		<KeyWord name="diplomacy" />
		<KeyWord name="disable_non_aggression_pacts" />
		<KeyWord name="disease" />
		<KeyWord name="disease_outbreak" />
		<KeyWord name="disease_period" />
		<KeyWord name="dislikes" />
		<KeyWord name="dmn" />
		<KeyWord name="dna" />
		<KeyWord name="dnt" />
		<KeyWord name="dont_break_out_again_entity" />
		<KeyWord name="dyn_title" />
		<KeyWord name="dynamic" />
		<KeyWord name="dynasties" />
		<KeyWord name="dynasty" />
		<KeyWord name="e_" />
		<KeyWord name="economy_techpoints" />
		<KeyWord name="eme" />
		<KeyWord name="emi" />
		<KeyWord name="emp" />
		<KeyWord name="enforce_peace_start" />
		<KeyWord name="equipped" />
		<KeyWord name="et" />
		<KeyWord name="event" />
		<KeyWord name="expense" />
		<KeyWord name="expired_faction" />
		<KeyWord name="eyi" />
		<KeyWord name="eypi" />
		<KeyWord name="faction" />
		<KeyWord name="fat" />
		<KeyWord name="fem" />
		<KeyWord name="feminist" />
		<KeyWord name="fer" />
		<KeyWord name="feud" />
		<KeyWord name="first" />
		<KeyWord name="first_alternate_start" />
		<KeyWord name="first_favor_month_start" />
		<KeyWord name="first_favor_status" />
		<KeyWord name="flags" />
		<KeyWord name="flank" />
		<KeyWord name="flank_center" />
		<KeyWord name="flank_left" />
		<KeyWord name="flank_right" />
		<KeyWord name="foa" />
		<KeyWord name="focus_date" />
		<KeyWord name="force_host" />
		<KeyWord name="forced_portrait" />
		<KeyWord name="from" />
		<KeyWord name="g_cul" />
		<KeyWord name="ga" />
		<KeyWord name="galleys" />
		<KeyWord name="galleys_f" />
		<KeyWord name="game_rules" />
		<KeyWord name="game_speed" />
		<KeyWord name="gender" />
		<KeyWord name="generated_artifacts" />
		<KeyWord name="generated_societies" />
		<KeyWord name="gov" />
		<KeyWord name="government" />
		<KeyWord name="grant" />
		<KeyWord name="guardian" />
		<KeyWord name="have_gender_laws" />
		<KeyWord name="hc" />
		<KeyWord name="health" />
		<KeyWord name="heavy_infantry" />
		<KeyWord name="heavy_infantry_f" />
		<KeyWord name="hi" />
		<KeyWord name="hidden" />
		<KeyWord name="hist" />
		<KeyWord name="historical" />
		<KeyWord name="historical_law" />
		<KeyWord name="history" />
		<KeyWord name="holder" />
		<KeyWord name="holding_dynasty" />
		<KeyWord name="home" />
		<KeyWord name="horde" />
		<KeyWord name="horse_archers" />
		<KeyWord name="hospital" />
		<KeyWord name="host" />
		<KeyWord name="id" />
		<KeyWord name="identity" />
		<KeyWord name="immortal" />
		<KeyWord name="imprisoned" />
		<KeyWord name="in_hiding" />
		<KeyWord name="income" />
		<KeyWord name="income_statistics" />
		<KeyWord name="infamy" />
		<KeyWord name="infection_date" />
		<KeyWord name="inherit" />
		<KeyWord name="is_being_looted" />
		<KeyWord name="is_being_restored" />
		<KeyWord name="is_constructing" />
		<KeyWord name="is_custom" />
		<KeyWord name="is_damaged" />
		<KeyWord name="is_dynamic" />
		<KeyWord name="is_looter" />
		<KeyWord name="is_random_world" />
		<KeyWord name="is_zeus_save" />
		<KeyWord name="job" />
		<KeyWord name="join_society_cooldown" />
		<KeyWord name="k_" />
		<KeyWord name="kill_list" />
		<KeyWord name="killer" />
		<KeyWord name="knights" />
		<KeyWord name="knights_f" />
		<KeyWord name="known_plots" />
		<KeyWord name="land_combat" />
		<KeyWord name="landed_title" />
		<KeyWord name="landless" />
		<KeyWord name="last_change" />
		<KeyWord name="last_leader" />
		<KeyWord name="last_objective" />
		<KeyWord name="lastmonthexpense" />
		<KeyWord name="lastmonthexpensetable" />
		<KeyWord name="lastmonthincome" />
		<KeyWord name="lastmonthincometable" />
		<KeyWord name="law" />
		<KeyWord name="law_change_timeout" />
		<KeyWord name="law_vote_date" />
		<KeyWord name="lc" />
		<KeyWord name="leader" />
		<KeyWord name="levy" />
		<KeyWord name="levy_size" />
		<KeyWord name="lge" />
		<KeyWord name="lgr" />
		<KeyWord name="li" />
		<KeyWord name="liege" />
		<KeyWord name="liege_troops" />
		<KeyWord name="liegelevy_reinforcements" />
		<KeyWord name="light_cavalry" />
		<KeyWord name="light_cavalry_f" />
		<KeyWord name="light_infantry" />
		<KeyWord name="light_infantry_f" />
		<KeyWord name="likes" />
		<KeyWord name="location" />
		<KeyWord name="long_reign_penalty_years" />
		<KeyWord name="loot" />
		<KeyWord name="loot_protected_by_fort" />
		<KeyWord name="lootable_gold" />
		<KeyWord name="looting_progress" />
		<KeyWord name="losses" />
		<KeyWord name="lover" />
		<KeyWord name="maintenance" />
		<KeyWord name="manpower" />
		<KeyWord name="mapmode" />
		<KeyWord name="marriage_tie" />
		<KeyWord name="max" />
		<KeyWord name="max_lootable_gold" />
		<KeyWord name="max_settlements" />
		<KeyWord name="md" />
		<KeyWord name="member" />
		<KeyWord name="mercenary" />
		<KeyWord name="mercenary_type" />
		<KeyWord name="message" />
		<KeyWord name="military_techpoints" />
		<KeyWord name="model" />
		<KeyWord name="modifier" />
		<KeyWord name="month" />
		<KeyWord name="months" />
		<KeyWord name="morale" />
		<KeyWord name="mot" />
		<KeyWord name="moved_capital" />
		<KeyWord name="moved_capital_months" />
		<KeyWord name="movement_progress" />
		<KeyWord name="multiplier" />
		<KeyWord name="my_liegelevy_contribution" />
		<KeyWord name="name" />
		<KeyWord name="names" />
		<KeyWord name="nation_size_statistics" />
		<KeyWord name="navy_rally_points" />
		<KeyWord name="new_char" />
		<KeyWord name="new_name" />
		<KeyWord name="next_outbreak_id" />
		<KeyWord name="nick" />
		<KeyWord name="nickname" />
		<KeyWord name="no" />
		<KeyWord name="nomad" />
		<KeyWord name="nomad_relation" />
		<KeyWord name="nomination" />
		<KeyWord name="nominee" />
		<KeyWord name="normal_law_change" />
		<KeyWord name="normal_law_changer" />
		<KeyWord name="num_subunits" />
		<KeyWord name="obtained" />
		<KeyWord name="offmap_currencies" />
		<KeyWord name="offmap_powers" />
		<KeyWord name="oh" />
		<KeyWord name="old_name" />
		<KeyWord name="option" />
		<KeyWord name="org_owner" />
		<KeyWord name="origins_province" />
		<KeyWord name="outbreak_id" />
		<KeyWord name="owner" />
		<KeyWord name="parent_scope" />
		<KeyWord name="past_provinces" />
		<KeyWord name="path" />
		<KeyWord name="peace_months" />
		<KeyWord name="peace_offer" />
		<KeyWord name="pending_backer" />
		<KeyWord name="pentarch" />
		<KeyWord name="phase" />
		<KeyWord name="pi" />
		<KeyWord name="picture" />
		<KeyWord name="piety" />
		<KeyWord name="pikemen" />
		<KeyWord name="pikemen_f" />
		<KeyWord name="player" />
		<KeyWord name="player_age" />
		<KeyWord name="player_event" />
		<KeyWord name="player_name" />
		<KeyWord name="player_portrait" />
		<KeyWord name="player_realm" />
		<KeyWord name="playthrough_duration" />
		<KeyWord name="playthrough_id" />
		<KeyWord name="plot_date" />
		<KeyWord name="policy_change" />
		<KeyWord name="population" />
		<KeyWord name="portrait" />
		<KeyWord name="portrait_culture" />
		<KeyWord name="portrait_government" />
		<KeyWord name="portrait_title_tier" />
		<KeyWord name="pressed" />
		<KeyWord name="prev_holder" />
		<KeyWord name="prev_policy" />
		<KeyWord name="prev_status" />
		<KeyWord name="previous" />
		<KeyWord name="primary" />
		<KeyWord name="primary_settlement" />
		<KeyWord name="progress" />
		<KeyWord name="properties" />
		<KeyWord name="province" />
		<KeyWord name="provinces" />
		<KeyWord name="prp" />
		<KeyWord name="prs" />
		<KeyWord name="quest" />
		<KeyWord name="quests" />
		<KeyWord name="raid_prov" />
		<KeyWord name="raised_days" />
		<KeyWord name="raised_liege_troops" />
		<KeyWord name="random" />
		<KeyWord name="recipient" />
		<KeyWord name="regent" />
		<KeyWord name="rejected_law_changes" />
		<KeyWord name="rel" />
		<KeyWord name="rel_" />
		<KeyWord name="relation" />
		<KeyWord name="religion" />
		<KeyWord name="rem_attacker" />
		<KeyWord name="rem_defender" />
		<KeyWord name="replace_captain_on_death" />
		<KeyWord name="restoration_paused" />
		<KeyWord name="restore_progress" />
		<KeyWord name="result" />
		<KeyWord name="retinue_type" />
		<KeyWord name="retrat" />
		<KeyWord name="rfat" />
		<KeyWord name="ruled_years" />
		<KeyWord name="ruler" />
		<KeyWord name="ry" />
		<KeyWord name="save_succession" />
		<KeyWord name="saved_event_target" />
		<KeyWord name="scope" />
		<KeyWord name="score" />
		<KeyWord name="second" />
		<KeyWord name="second_favor_month_start" />
		<KeyWord name="second_favor_status" />
		<KeyWord name="seed" />
		<KeyWord name="set_allow_free_infidel_revokation" />
		<KeyWord name="set_allow_title_revokation" />
		<KeyWord name="set_allow_vice_royalties" />
		<KeyWord name="set_coa" />
		<KeyWord name="set_coat_of_arms" />
		<KeyWord name="set_investiture" />
		<KeyWord name="set_tribal_vassal_levy_control" />
		<KeyWord name="settlement" />
		<KeyWord name="shattered" />
		<KeyWord name="siege_combat" />
		<KeyWord name="siphons_income_to_creator" />
		<KeyWord name="society" />
		<KeyWord name="society_currency" />
		<KeyWord name="society_leader" />
		<KeyWord name="society_rank" />
		<KeyWord name="society_show_interest_cooldown" />
		<KeyWord name="special_interests" />
		<KeyWord name="spectit" />
		<KeyWord name="spouse" />
		<KeyWord name="stage" />
		<KeyWord name="start_date" />
		<KeyWord name="status_change" />
		<KeyWord name="sub_unit" />
		<KeyWord name="succ_law_changer" />
		<KeyWord name="succession" />
		<KeyWord name="succession_electors" />
		<KeyWord name="supplied" />
		<KeyWord name="tactic" />
		<KeyWord name="tactic_day" />
		<KeyWord name="target" />
		<KeyWord name="tech_levels" />
		<KeyWord name="technology" />
		<KeyWord name="telbc" />
		<KeyWord name="telde" />
		<KeyWord name="telld" />
		<KeyWord name="telsc" />
		<KeyWord name="telws" />
		<KeyWord name="temple_indices" />
		<KeyWord name="temple_list" />
		<KeyWord name="temporary" />
		<KeyWord name="terrain" />
		<KeyWord name="text" />
		<KeyWord name="thirdparty" />
		<KeyWord name="thismonthexpense" />
		<KeyWord name="thismonthincome" />
		<KeyWord name="timeperiod" />
		<KeyWord name="title" />
		<KeyWord name="title_female" />
		<KeyWord name="title_target" />
		<KeyWord name="total_infamy" />
		<KeyWord name="tr" />
		<KeyWord name="trade_post" />
		<KeyWord name="trade_route" />
		<KeyWord name="traits" />
		<KeyWord name="troops" />
		<KeyWord name="truce" />
		<KeyWord name="type" />
		<KeyWord name="unborn" />
		<KeyWord name="unit" />
		<KeyWord name="update_model" />
		<KeyWord name="upgrade_slots" />
		<KeyWord name="usurp_date" />
		<KeyWord name="valid_months" />
		<KeyWord name="value" />
		<KeyWord name="variables" />
		<KeyWord name="vars" />
		<KeyWord name="vassal" />
		<KeyWord name="vassal_liege" />
		<KeyWord name="vc_data" />
		<KeyWord name="version" />
		<KeyWord name="vice_royalty_revokation" />
		<KeyWord name="voter" />
		<KeyWord name="votes" />
		<KeyWord name="war" />
		<KeyWord name="war_target" />
		<KeyWord name="weak" />
		<KeyWord name="wealth" />
		<KeyWord name="wealth_change" />
		<KeyWord name="who" />
		<KeyWord name="wonder" />
		<KeyWord name="wonder_historical_event_character" />
		<KeyWord name="wonder_historical_event_date" />
		<KeyWord name="wonder_historical_event_other_character" />
		<KeyWord name="wonder_stage" />
		<KeyWord name="wonder_upgrade" />
		<KeyWord name="year" />
		<KeyWord name="yes" />
	</AutoComplete>
</NotepadPlus>