<NotepadPlus>
    <UserLang name="CK2Save" ext="ck2" udlVersion="2.1">
        <Settings>
            <Global caseIgnored="no" allowFoldOfComments="yes" foldCompact="no" forcePureLC="0" decimalSeparator="0" />
            <Prefix Keywords1="no" Keywords2="no" Keywords3="no" Keywords4="no" Keywords5="no" Keywords6="no" Keywords7="yes" Keywords8="yes" />
        </Settings>
        <KeywordLists>
            <Keywords name="Comments">00# 01 02 03 04</Keywords>
            <Keywords name="Numbers, prefix1"></Keywords>
            <Keywords name="Numbers, prefix2"></Keywords>
            <Keywords name="Numbers, extras1"></Keywords>
            <Keywords name="Numbers, extras2"></Keywords>
            <Keywords name="Numbers, suffix1"></Keywords>
            <Keywords name="Numbers, suffix2"></Keywords>
            <Keywords name="Numbers, range"></Keywords>
            <Keywords name="Operators1">@</Keywords>
            <Keywords name="Operators2"></Keywords>
            <Keywords name="Folders in code1, open">{</Keywords>
            <Keywords name="Folders in code1, middle"></Keywords>
            <Keywords name="Folders in code1, close">}</Keywords>
            <Keywords name="Folders in code2, open"></Keywords>
            <Keywords name="Folders in code2, middle"></Keywords>
            <Keywords name="Folders in code2, close"></Keywords>
            <Keywords name="Folders in comment, open">!</Keywords>
            <Keywords name="Folders in comment, middle"></Keywords>
            <Keywords name="Folders in comment, close">!!</Keywords>
            <Keywords name="Keywords1">CK2txt&#x000D;&#x000A;option&#x000D;&#x000A;title&#x000D;&#x000A;base_title&#x000D;&#x000A;name&#x000D;&#x000A;culture&#x000D;&#x000A;religion&#x000D;&#x000A;bn&#x000D;&#x000A;capital&#x000D;&#x000A;dna&#x000D;&#x000A;prp&#x000D;&#x000A;gov&#x000D;&#x000A;dnt&#x000D;&#x000A;rel&#x000D;&#x000A;cul&#x000D;&#x000A;job&#x000D;&#x000A;cpos&#x000D;&#x000A;retinue_type&#x000D;&#x000A;build_time&#x000D;&#x000A;primary_settlement&#x000D;&#x000A;law&#x000D;&#x000A;gender&#x000D;&#x000A;last_change&#x000D;&#x000A;adjective&#x000D;&#x000A;usurp_date&#x000D;&#x000A;desc&#x000D;&#x000A;picture&#x000D;&#x000A;created&#x000D;&#x000A;obtained&#x000D;&#x000A;checksum&#x000D;&#x000A;vc_data&#x000D;&#x000A;properties&#x000D;&#x000A;player_realm&#x000D;&#x000A;player_name&#x000D;&#x000A;government&#x000D;&#x000A;g_cul&#x000D;&#x000A;ambition_date&#x000D;&#x000A;modifier&#x000D;&#x000A;focus_date&#x000D;&#x000A;council_discontent_start&#x000D;&#x000A;council_discontent_update&#x000D;&#x000A;council_discontent_reason&#x000D;&#x000A;action&#x000D;&#x000A;acdate&#x000D;&#x000A;nickname&#x000D;&#x000A;imprisoned&#x000D;&#x000A;oh&#x000D;&#x000A;c_d&#x000D;&#x000A;spectit&#x000D;&#x000A;infection_date&#x000D;&#x000A;law_vote_date&#x000D;&#x000A;law_change_timeout&#x000D;&#x000A;crown_law_change_timeout&#x000D;&#x000A;save_succession&#x000D;&#x000A;normal_law_change&#x000D;&#x000A;settlement&#x000D;&#x000A;title_female&#x000D;&#x000A;foa&#x000D;&#x000A;terrain&#x000D;&#x000A;feud&#x000D;&#x000A;attacker_dates&#x000D;&#x000A;defender_dates&#x000D;&#x000A;coalition_target&#x000D;&#x000A;plot_date&#x000D;&#x000A;supplied&#x000D;&#x000A;title_target&#x000D;&#x000A;background&#x000D;&#x000A;new_name&#x000D;&#x000A;old_name&#x000D;&#x000A;custom_history&#x000D;&#x000A;model&#x000D;&#x000A;status_change&#x000D;&#x000A;cur_status&#x000D;&#x000A;prev_status&#x000D;&#x000A;policy_change&#x000D;&#x000A;cur_policy&#x000D;&#x000A;prev_policy&#x000D;&#x000A;likes&#x000D;&#x000A;dislikes&#x000D;&#x000A;de_jure_law_change&#x000D;&#x000A;conquest_culture&#x000D;&#x000A;et&#x000D;&#x000A;pentarch&#x000D;&#x000A;set_investiture</Keywords>
            <Keywords name="Keywords2">no&#x000D;&#x000A;yes</Keywords>
            <Keywords name="Keywords3">game_speed&#x000D;&#x000A;mapmode&#x000D;&#x000A;value&#x000D;&#x000A;version&#x000D;&#x000A;date&#x000D;&#x000A;id&#x000D;&#x000A;type&#x000D;&#x000A;player_age&#x000D;&#x000A;max&#x000D;&#x000A;playthrough_id&#x000D;&#x000A;unit&#x000D;&#x000A;sub_unit&#x000D;&#x000A;start_date&#x000D;&#x000A;b_d&#x000D;&#x000A;d_d&#x000D;&#x000A;fer&#x000D;&#x000A;health&#x000D;&#x000A;prs&#x000D;&#x000A;wealth&#x000D;&#x000A;d&#x000D;&#x000A;max_settlements&#x000D;&#x000A;set_coa&#x000D;&#x000A;coa_dynasty&#x000D;&#x000A;color&#x000D;&#x000A;population&#x000D;&#x000A;manpower&#x000D;&#x000A;tech_levels&#x000D;&#x000A;holding_dynasty&#x000D;&#x000A;multiplier&#x000D;&#x000A;wealth_change&#x000D;&#x000A;playthrough_duration&#x000D;&#x000A;character_action&#x000D;&#x000A;next_outbreak_id&#x000D;&#x000A;dynasty&#x000D;&#x000A;emi&#x000D;&#x000A;eme&#x000D;&#x000A;eypi&#x000D;&#x000A;avi&#x000D;&#x000A;income&#x000D;&#x000A;lastmonthincometable&#x000D;&#x000A;expense&#x000D;&#x000A;lastmonthexpensetable&#x000D;&#x000A;lastmonthincome&#x000D;&#x000A;lastmonthexpense&#x000D;&#x000A;piety&#x000D;&#x000A;cpos_start&#x000D;&#x000A;eyi&#x000D;&#x000A;movement_progress&#x000D;&#x000A;path&#x000D;&#x000A;morale&#x000D;&#x000A;score&#x000D;&#x000A;my_liegelevy_contribution&#x000D;&#x000A;military_techpoints&#x000D;&#x000A;economy_techpoints&#x000D;&#x000A;culture_techpoints&#x000D;&#x000A;peace_months&#x000D;&#x000A;thismonthincome&#x000D;&#x000A;curinc&#x000D;&#x000A;retrat&#x000D;&#x000A;last_objective&#x000D;&#x000A;thismonthexpense&#x000D;&#x000A;liegelevy_reinforcements&#x000D;&#x000A;light_infantry_f&#x000D;&#x000A;heavy_infantry_f&#x000D;&#x000A;archers_f&#x000D;&#x000A;galleys_f&#x000D;&#x000A;pikemen_f&#x000D;&#x000A;light_cavalry_f&#x000D;&#x000A;knights_f&#x000D;&#x000A;horse_archers&#x000D;&#x000A;second_favor_month_start&#x000D;&#x000A;ruled_years&#x000D;&#x000A;timeperiod&#x000D;&#x000A;outbreak_id&#x000D;&#x000A;months&#x000D;&#x000A;lootable_gold&#x000D;&#x000A;max_lootable_gold&#x000D;&#x000A;loot_protected_by_fort&#x000D;&#x000A;total_infamy&#x000D;&#x000A;campaign_fund&#x000D;&#x000A;levy_size&#x000D;&#x000A;light_infantry&#x000D;&#x000A;heavy_infantry&#x000D;&#x000A;pikemen&#x000D;&#x000A;light_cavalry&#x000D;&#x000A;knights&#x000D;&#x000A;archers&#x000D;&#x000A;galleys&#x000D;&#x000A;num_subunits&#x000D;&#x000A;siphons_income_to_creator&#x000D;&#x000A;army_size_percentage&#x000D;&#x000A;seed&#x000D;&#x000A;random&#x000D;&#x000A;days&#x000D;&#x000A;event&#x000D;&#x000A;target&#x000D;&#x000A;tactic&#x000D;&#x000A;tactic_day&#x000D;&#x000A;phase&#x000D;&#x000A;adjacencies&#x000D;&#x000A;defender_score&#x000D;&#x000A;attacker_score&#x000D;&#x000A;day&#x000D;&#x000A;valid_months&#x000D;&#x000A;decay_count&#x000D;&#x000A;decay_speed&#x000D;&#x000A;long_reign_penalty_years&#x000D;&#x000A;first_favor_month_start&#x000D;&#x000A;raised_days&#x000D;&#x000A;peace_offer&#x000D;&#x000A;decadence&#x000D;&#x000A;hi&#x000D;&#x000A;ar&#x000D;&#x000A;lc&#x000D;&#x000A;li&#x000D;&#x000A;moved_capital_months&#x000D;&#x000A;camel_cavalry&#x000D;&#x000A;ga&#x000D;&#x000A;month&#x000D;&#x000A;faction&#x000D;&#x000A;enforce_peace_start&#x000D;&#x000A;upgrade_slots&#x000D;&#x000A;stage&#x000D;&#x000A;progress&#x000D;&#x000A;looting_progress&#x000D;&#x000A;&#x000A;restore_progress&#x000D;&#x000A;background_frame_number&#x000D;&#x000A;wonder_historical_event_date&#x000D;&#x000A;wonder_stage&#x000D;&#x000A;temple_list&#x000D;&#x000A;society_rank&#x000D;&#x000A;society_currency&#x000D;&#x000A;days_in_society&#x000D;&#x000A;days_at_current_society_rank&#x000D;&#x000A;de_jure_law_changes&#x000D;&#x000A;set_allow_vice_royalties&#x000D;&#x000A;votes</Keywords>
            <Keywords name="Keywords4">home&#x000D;&#x000A;location&#x000D;&#x000A;acloc&#x000D;&#x000A;origins_province&#x000D;&#x000A;past_provinces&#x000D;&#x000A;provinces&#x000D;&#x000A;province&#x000D;&#x000A;base</Keywords>
            <Keywords name="Keywords5">player_portrait&#x000D;&#x000A;game_rules&#x000D;&#x000A;player&#x000D;&#x000A;dyn_title&#x000D;&#x000A;flags&#x000D;&#x000A;dynasties&#x000D;&#x000A;coat_of_arms&#x000D;&#x000A;data&#x000D;&#x000A;character&#x000D;&#x000A;dmn&#x000D;&#x000A;tr&#x000D;&#x000A;att&#x000D;&#x000A;army&#x000D;&#x000A;troops&#x000D;&#x000A;flank&#x000D;&#x000A;relation&#x000D;&#x000A;technology&#x000D;&#x000A;loot&#x000D;&#x000A;levy&#x000D;&#x000A;history&#x000D;&#x000A;historical_law&#x000D;&#x000A;council_voting&#x000D;&#x000A;offmap_powers&#x000D;&#x000A;wonder_upgrade&#x000D;&#x000A;wonder&#x000D;&#x000A;quests&#x000D;&#x000A;trade_route&#x000D;&#x000A;nomad_relation&#x000D;&#x000A;artifacts&#x000D;&#x000A;society&#x000D;&#x000A;disease&#x000D;&#x000A;war&#x000D;&#x000A;combat&#x000D;&#x000A;alternate_start&#x000D;&#x000A;vars&#x000D;&#x000A;md&#x000D;&#x000A;lgr&#x000D;&#x000A;claim&#x000D;&#x000A;traits&#x000D;&#x000A;raised_liege_troops&#x000D;&#x000A;liege_troops&#x000D;&#x000A;known_plots&#x000D;&#x000A;nick&#x000D;&#x000A;unborn&#x000D;&#x000A;primary&#x000D;&#x000A;variables&#x000D;&#x000A;trade_post&#x000D;&#x000A;hospital&#x000D;&#x000A;trade_post&#x000D;&#x000A;infamy&#x000D;&#x000A;mercenary_type&#x000D;&#x000A;active_ambition&#x000D;&#x000A;scope&#x000D;&#x000A;parent_scope&#x000D;&#x000A;active_plot&#x000D;&#x000A;disease_outbreak&#x000D;&#x000A;disease_period&#x000D;&#x000A;income_statistics&#x000D;&#x000A;nation_size_statistics&#x000D;&#x000A;character_history&#x000D;&#x000A;player_event&#x000D;&#x000A;siege_combat&#x000D;&#x000A;losses&#x000D;&#x000A;diplomacy&#x000D;&#x000A;land_combat&#x000D;&#x000A;dont_break_out_again_entity&#x000D;&#x000A;coalition&#x000D;&#x000A;coalition_target_title&#x000D;&#x000A;battle&#x000D;&#x000A;active_war&#x000D;&#x000A;casus_belli&#x000D;&#x000A;vassal_liege&#x000D;&#x000A;landed_title&#x000D;&#x000A;active_focus&#x000D;&#x000A;active_faction&#x000D;&#x000A;marriage_tie&#x000D;&#x000A;truce&#x000D;&#x000A;delayed_event&#x000D;&#x000A;saved_event_target&#x000D;&#x000A;kill_list&#x000D;&#x000A;offmap_currencies&#x000D;&#x000A;special_interests&#x000D;&#x000A;raid_prov&#x000D;&#x000A;expired_faction&#x000D;&#x000A;quest&#x000D;&#x000A;construction_history&#x000D;&#x000A;names&#x000D;&#x000A;temple_indices&#x000D;&#x000A;member&#x000D;&#x000A;succession_electors&#x000D;&#x000A;nomination&#x000D;&#x000A;voter&#x000D;&#x000A;nominee&#x000D;&#x000A;rejected_law_changes</Keywords>
            <Keywords name="Keywords6">is_zeus_save&#x000D;&#x000A;is_random_world&#x000D;&#x000A;first_alternate_start&#x000D;&#x000A;shattered&#x000D;&#x000A;fem&#x000D;&#x000A;is_dynamic&#x000D;&#x000A;is_custom&#x000D;&#x000A;pi&#x000D;&#x000A;horde&#x000D;&#x000A;can_call_to_war&#x000D;&#x000A;succession&#x000D;&#x000A;custom_name&#x000D;&#x000A;set_allow_title_revokation&#x000D;&#x000A;nomad&#x000D;&#x000A;dynamic&#x000D;&#x000A;custom_graphics&#x000D;&#x000A;active&#x000D;&#x000A;equipped&#x000D;&#x000A;pressed&#x000D;&#x000A;weak&#x000D;&#x000A;inherit&#x000D;&#x000A;hidden&#x000D;&#x000A;delete&#x000D;&#x000A;is_looter&#x000D;&#x000A;ruler&#x000D;&#x000A;second_favor_status&#x000D;&#x000A;set_allow_free_infidel_revokation&#x000D;&#x000A;feminist&#x000D;&#x000A;have_gender_laws&#x000D;&#x000A;cannot_cancel_vote&#x000D;&#x000A;council_succession_vote&#x000D;&#x000A;allows_matrilineal_marriage&#x000D;&#x000A;grant&#x000D;&#x000A;landless&#x000D;&#x000A;mercenary&#x000D;&#x000A;replace_captain_on_death&#x000D;&#x000A;temporary&#x000D;&#x000A;adventurer&#x000D;&#x000A;result&#x000D;&#x000A;auto_invite&#x000D;&#x000A;first_favor_status&#x000D;&#x000A;disable_non_aggression_pacts&#x000D;&#x000A;hist&#x000D;&#x000A;set_coat_of_arms&#x000D;&#x000A;bstd&#x000D;&#x000A;moved_capital&#x000D;&#x000A;force_host&#x000D;&#x000A;in_hiding&#x000D;&#x000A;message&#x000D;&#x000A;generated_societies&#x000D;&#x000A;generated_artifacts&#x000D;&#x000A;construction_paused&#x000D;&#x000A;is_damaged&#x000D;&#x000A;is_being_looted&#x000D;&#x000A;is_being_restored&#x000D;&#x000A;restoration_paused&#x000D;&#x000A;historical&#x000D;&#x000A;is_constructing&#x000D;&#x000A;custom_desc&#x000D;&#x000A;update_model&#x000D;&#x000A;completed&#x000D;&#x000A;set_tribal_vassal_levy_control&#x000D;&#x000A;vice_royalty_revokation</Keywords>
            <Keywords name="Keywords7">spouse&#x000D;&#x000A;emp&#x000D;&#x000A;host&#x000D;&#x000A;fat&#x000D;&#x000A;mot&#x000D;&#x000A;owner&#x000D;&#x000A;diplo_&#x000D;&#x000A;rel_&#x000D;&#x000A;holder&#x000D;&#x000A;previous&#x000D;&#x000A;org_owner&#x000D;&#x000A;consort&#x000D;&#x000A;flank_center&#x000D;&#x000A;flank_right&#x000D;&#x000A;flank_left&#x000D;&#x000A;btrh&#x000D;&#x000A;guardian&#x000D;&#x000A;lover&#x000D;&#x000A;rfat&#x000D;&#x000A;lge&#x000D;&#x000A;killer&#x000D;&#x000A;normal_law_changer&#x000D;&#x000A;succ_law_changer&#x000D;&#x000A;char&#x000D;&#x000A;from&#x000D;&#x000A;identity&#x000D;&#x000A;attackers&#x000D;&#x000A;defenders&#x000D;&#x000A;last_leader&#x000D;&#x000A;leader&#x000D;&#x000A;coalition_member&#x000D;&#x000A;add_defender&#x000D;&#x000A;add_attacker&#x000D;&#x000A;actor&#x000D;&#x000A;recipient&#x000D;&#x000A;attacker_participation&#x000D;&#x000A;defender_participation&#x000D;&#x000A;vassal&#x000D;&#x000A;rem_attacker&#x000D;&#x000A;rem_defender&#x000D;&#x000A;attacker&#x000D;&#x000A;defender&#x000D;&#x000A;thirdparty&#x000D;&#x000A;backer&#x000D;&#x000A;pending_backer&#x000D;&#x000A;new_char&#x000D;&#x000A;first&#x000D;&#x000A;second&#x000D;&#x000A;regent&#x000D;&#x000A;war_target&#x000D;&#x000A;wonder_historical_event_character&#x000D;&#x000A;wonder_historical_event_other_character&#x000D;&#x000A;prev_holder&#x000D;&#x000A;society_leader&#x000D;&#x000A;who&#x000D;&#x000A;de_jure_law_changer</Keywords>
            <Keywords name="Keywords8">de_jure_liege&#x000D;&#x000A;liege&#x000D;&#x000A;c_&#x000D;&#x000A;b_&#x000D;&#x000A;d_&#x000D;&#x000A;e_&#x000D;&#x000A;k_</Keywords>
            <Keywords name="Delimiters">00 01 02 03 04 05 06 07 08 09 10 11 12 13 14 15 16 17 18 19 20 21 22 23</Keywords>
        </KeywordLists>
        <Styles>
            <WordsStyle name="DEFAULT" fgColor="000000" bgColor="FFFFFF" fontName="&#x69CF;&#xF4D7;&#x0265;&#x8000;fold&#xDA60;&#xE76E;&#x015B;" fontStyle="0" nesting="0" />
            <WordsStyle name="COMMENTS" fgColor="008000" bgColor="FFFFFF" fontName="4" fontStyle="0" nesting="0" />
            <WordsStyle name="LINE COMMENTS" fgColor="008080" bgColor="FFFFFF" fontName="no" fontStyle="0" nesting="0" />
            <WordsStyle name="NUMBERS" fgColor="FF0000" bgColor="FFFFFF" fontName="1" fontStyle="0" nesting="0" />
            <WordsStyle name="KEYWORDS1" fgColor="808080" bgColor="FFFFFF" fontName="&#x23A0;&#xE748;&#x015B;" fontStyle="0" nesting="0" />
            <WordsStyle name="KEYWORDS2" fgColor="00FFFF" bgColor="FFFFFF" fontName="" fontStyle="0" nesting="0" />
            <WordsStyle name="KEYWORDS3" fgColor="800040" bgColor="FFFFFF" fontName="" fontStyle="0" nesting="0" />
            <WordsStyle name="KEYWORDS4" fgColor="008040" bgColor="FFFFFF" fontName="" fontStyle="0" nesting="0" />
            <WordsStyle name="KEYWORDS5" fgColor="0080FF" bgColor="FFFFFF" fontName="" fontStyle="0" nesting="0" />
            <WordsStyle name="KEYWORDS6" fgColor="6A359F" bgColor="FFFFFF" fontName="41" fontStyle="0" nesting="0" />
            <WordsStyle name="KEYWORDS7" fgColor="FF8000" bgColor="FFFFFF" fontName="no" fontStyle="0" nesting="0" />
            <WordsStyle name="KEYWORDS8" fgColor="8080FF" bgColor="FFFFFF" fontName="-1" fontStyle="0" nesting="0" />
            <WordsStyle name="OPERATORS" fgColor="FF8040" bgColor="FFFFFF" fontName="" fontStyle="0" nesting="0" />
            <WordsStyle name="FOLDER IN CODE1" fgColor="000000" bgColor="FFFFFF" fontName="2" fontStyle="1" nesting="0" />
            <WordsStyle name="FOLDER IN CODE2" fgColor="000000" bgColor="FFFFFF" fontName="&#x4E25;&#xF43B;&#x1C00;&#x8800;&#x6030;&#xB7FF;&#x7FF7;" fontStyle="0" nesting="0" />
            <WordsStyle name="FOLDER IN COMMENT" fgColor="008000" bgColor="FFFFFF" fontName="&#x4E50;&#xF440;&#x1900;&#x8800;&#x6030;&#xB7FF;&#x7FF7;" fontStyle="0" nesting="0" />
            <WordsStyle name="DELIMITERS1" fgColor="FF0000" bgColor="FFFFFF" fontName="" fontStyle="0" nesting="0" />
            <WordsStyle name="DELIMITERS2" fgColor="000000" bgColor="FFFFFF" fontName="er" fontStyle="0" nesting="0" />
            <WordsStyle name="DELIMITERS3" fgColor="000000" bgColor="FFFFFF" fontName="er" fontStyle="0" nesting="0" />
            <WordsStyle name="DELIMITERS4" fgColor="000000" bgColor="FFFFFF" fontName="" fontStyle="0" nesting="0" />
            <WordsStyle name="DELIMITERS5" fgColor="000000" bgColor="FFFFFF" fontName="er" fontStyle="0" nesting="0" />
            <WordsStyle name="DELIMITERS6" fgColor="000000" bgColor="FFFFFF" fontName="" fontStyle="0" nesting="0" />
            <WordsStyle name="DELIMITERS7" fgColor="000000" bgColor="FFFFFF" fontName="&#x46D0;&#xE763;&#x015B;" fontStyle="0" nesting="0" />
            <WordsStyle name="DELIMITERS8" fgColor="000000" bgColor="FFFFFF" fontName="&#x4640;&#xE763;&#x015B;" fontStyle="0" nesting="0" />
        </Styles>
    </UserLang>
</NotepadPlus>
